asset,time,PriceUSD
btc,2020-01-01 00:00:00,7170.63186879018
btc,2020-01-02 00:00:00,6946.82526914085
btc,2020-01-03 00:00:00,7315.3093603156
btc,2020-01-04 00:00:00,7343.16419438925
btc,2020-01-05 00:00:00,7345.53069181765
btc,2020-01-06 00:00:00,7765.7977346581
btc,2020-01-07 00:00:00,8136.08684190532
btc,2020-01-08 00:00:00,8059.69952887201
btc,2020-01-09 00:00:00,7817.13609322034
btc,2020-01-10 00:00:00,8129.81791992987
btc,2020-01-11 00:00:00,8032.00549503215
btc,2020-01-12 00:00:00,8164.54999316189
btc,2020-01-13 00:00:00,8121.92566762127
btc,2020-01-14 00:00:00,8830.16787346581
btc,2020-01-15 00:00:00,8811.44820251315
btc,2020-01-16 00:00:00,8718.68699801286
btc,2020-01-17 00:00:00,8912.54190414962
btc,2020-01-18 00:00:00,8928.1807565751
btc,2020-01-19 00:00:00,8687.35483664524
btc,2020-01-20 00:00:00,8636.2587862069
btc,2020-01-21 00:00:00,8730.86756019871
btc,2020-01-22 00:00:00,8647.90047399182
btc,2020-01-23 00:00:00,8366.38461396844
btc,2020-01-24 00:00:00,8423.39095815313
btc,2020-01-25 00:00:00,8344.77456896552
btc,2020-01-26 00:00:00,8573.87480958504
btc,2020-01-27 00:00:00,8901.95928486265
btc,2020-01-28 00:00:00,9297.3883176505
btc,2020-01-29 00:00:00,9311.94754354179
btc,2020-01-30 00:00:00,9508.92096493279
btc,2020-01-31 00:00:00,9357.28478240795
btc,2020-02-01 00:00:00,9381.88602863822
btc,2020-02-02 00:00:00,9339.38706312098
btc,2020-02-03 00:00:00,9279.81252051432
btc,2020-02-04 00:00:00,9161.62719772063
btc,2020-02-05 00:00:00,9628.13677586207
btc,2020-02-06 00:00:00,9739.2804364699
btc,2020-02-07 00:00:00,9800.27939982466
btc,2020-02-08 00:00:00,9911.29340841613
btc,2020-02-09 00:00:00,10151.0832026885
btc,2020-02-10 00:00:00,9872.36187305669
btc,2020-02-11 00:00:00,10272.2225558738
btc,2020-02-12 00:00:00,10360.1352229106
btc,2020-02-13 00:00:00,10235.4973226184
btc,2020-02-14 00:00:00,10361.6156901812
btc,2020-02-15 00:00:00,9911.72432700175
btc,2020-02-16 00:00:00,9952.04661157218
btc,2020-02-17 00:00:00,9683.0796277031
btc,2020-02-18 00:00:00,10195.3037904734
btc,2020-02-19 00:00:00,9636.00229865576
btc,2020-02-20 00:00:00,9614.03012244302
btc,2020-02-21 00:00:00,9701.79750268849
btc,2020-02-22 00:00:00,9675.24905756868
btc,2020-02-23 00:00:00,9972.84242308591
btc,2020-02-24 00:00:00,9648.00788310929
btc,2020-02-25 00:00:00,9344.28714009351
btc,2020-02-26 00:00:00,8798.88894856809
btc,2020-02-27 00:00:00,8779.02948188194
btc,2020-02-28 00:00:00,8750.59344599649
btc,2020-02-29 00:00:00,8582.09029964933
btc,2020-03-01 00:00:00,8541.77389392169
btc,2020-03-02 00:00:00,8906.21475645821
btc,2020-03-03 00:00:00,8768.81061420222
btc,2020-03-04 00:00:00,8756.36957218001
btc,2020-03-05 00:00:00,9062.61580274693
btc,2020-03-06 00:00:00,9147.08505897136
btc,2020-03-07 00:00:00,8898.30695675044
btc,2020-03-08 00:00:00,8109.61454114553
btc,2020-03-09 00:00:00,7896.38531987142
btc,2020-03-10 00:00:00,7909.92787545295
btc,2020-03-11 00:00:00,7939.34133477499
btc,2020-03-12 00:00:00,4959.31341437756
btc,2020-03-13 00:00:00,5627.69238836938
btc,2020-03-14 00:00:00,5145.17250642899
btc,2020-03-15 00:00:00,5358.61066335476
btc,2020-03-16 00:00:00,5012.92738778492
btc,2020-03-17 00:00:00,5416.7547106955
btc,2020-03-18 00:00:00,5392.48783594389
btc,2020-03-19 00:00:00,6203.5516320865
btc,2020-03-20 00:00:00,6174.14947603741
btc,2020-03-21 00:00:00,6175.83102220924
btc,2020-03-22 00:00:00,5830.56097960257
btc,2020-03-23 00:00:00,6486.40865733489
btc,2020-03-24 00:00:00,6775.05761893629
btc,2020-03-25 00:00:00,6689.96901285798
btc,2020-03-26 00:00:00,6754.46033606078
btc,2020-03-27 00:00:00,6490.79541502046
btc,2020-03-28 00:00:00,6231.81989023963
btc,2020-03-29 00:00:00,5904.85758679135
btc,2020-03-30 00:00:00,6436.90570017534
btc,2020-03-31 00:00:00,6432.3832421391
btc,2020-04-01 00:00:00,6643.11000870836
btc,2020-04-02 00:00:00,6792.74222209234
btc,2020-04-03 00:00:00,6751.90255178258
btc,2020-04-04 00:00:00,6859.98916867329
btc,2020-04-05 00:00:00,6790.81247264758
btc,2020-04-06 00:00:00,7298.17374517826
btc,2020-04-07 00:00:00,7187.59333664524
btc,2020-04-08 00:00:00,7372.19476399766
btc,2020-04-09 00:00:00,7299.57918790181
btc,2020-04-10 00:00:00,6859.82267475161
btc,2020-04-11 00:00:00,6883.18222895967
btc,2020-04-12 00:00:00,6978.66628661601
btc,2020-04-13 00:00:00,6863.57553319696
btc,2020-04-14 00:00:00,6875.53850344828
btc,2020-04-15 00:00:00,6625.47577510228
btc,2020-04-16 00:00:00,7127.79228223261
btc,2020-04-17 00:00:00,7081.39519842197
btc,2020-04-18 00:00:00,7262.79234360023
btc,2020-04-19 00:00:00,7150.2442154588
btc,2020-04-20 00:00:00,6853.27341478667
btc,2020-04-21 00:00:00,6870.42369865576
btc,2020-04-22 00:00:00,7123.65691992987
btc,2020-04-23 00:00:00,7488.60516528346
btc,2020-04-24 00:00:00,7506.44331648159
btc,2020-04-25 00:00:00,7537.73820911748
btc,2020-04-26 00:00:00,7684.06852168322
btc,2020-04-27 00:00:00,7777.49151858562
btc,2020-04-28 00:00:00,7769.89969842197
btc,2020-04-29 00:00:00,8761.83716954997
btc,2020-04-30 00:00:00,8652.4109912332
btc,2020-05-01 00:00:00,8855.53525827002
btc,2020-05-02 00:00:00,8977.28170537697
btc,2020-05-03 00:00:00,8896.7956383986
btc,2020-05-04 00:00:00,8881.95430450029
btc,2020-05-05 00:00:00,8985.8795993571
btc,2020-05-06 00:00:00,9266.8130730567
btc,2020-05-07 00:00:00,9993.75317685564
btc,2020-05-08 00:00:00,9859.32360461718
btc,2020-05-09 00:00:00,9577.33892238457
btc,2020-05-10 00:00:00,8715.03329322034
btc,2020-05-11 00:00:00,8591.65288433665
btc,2020-05-12 00:00:00,8817.25068112215
btc,2020-05-13 00:00:00,9322.99720204559
btc,2020-05-14 00:00:00,9801.26948772647
btc,2020-05-15 00:00:00,9326.87585891292
btc,2020-05-16 00:00:00,9395.4753893045
btc,2020-05-17 00:00:00,9682.5324811806
btc,2020-05-18 00:00:00,9726.85002209235
btc,2020-05-19 00:00:00,9754.20146201052
btc,2020-05-20 00:00:00,9515.702550263
btc,2020-05-21 00:00:00,9068.80122933957
btc,2020-05-22 00:00:00,9161.81503389831
btc,2020-05-23 00:00:00,9183.66212507305
btc,2020-05-24 00:00:00,8806.23065715956
btc,2020-05-25 00:00:00,8909.19258153127
btc,2020-05-26 00:00:00,8835.13725336061
btc,2020-05-27 00:00:00,9169.05743921683
btc,2020-05-28 00:00:00,9568.26185300994
btc,2020-05-29 00:00:00,9432.41333343074
btc,2020-05-30 00:00:00,9691.68049117475
btc,2020-05-31 00:00:00,9433.94384663939
btc,2020-06-01 00:00:00,10199.1350542373
btc,2020-06-02 00:00:00,9512.34653302163
btc,2020-06-03 00:00:00,9642.27340035067
btc,2020-06-04 00:00:00,9813.36067913501
btc,2020-06-05 00:00:00,9641.8916225599
btc,2020-06-06 00:00:00,9668.67053857393
btc,2020-06-07 00:00:00,9747.58011104617
btc,2020-06-08 00:00:00,9769.34236148451
btc,2020-06-09 00:00:00,9779.42216566335
btc,2020-06-10 00:00:00,9888.44417469316
btc,2020-06-11 00:00:00,9277.45116931619
btc,2020-06-12 00:00:00,9456.16153331385
btc,2020-06-13 00:00:00,9461.33379865576
btc,2020-06-14 00:00:00,9342.955635301
btc,2020-06-15 00:00:00,9441.38321127995
btc,2020-06-16 00:00:00,9520.09194827586
btc,2020-06-17 00:00:00,9448.69356060783
btc,2020-06-18 00:00:00,9389.99076639392
btc,2020-06-19 00:00:00,9285.99158293396
btc,2020-06-20 00:00:00,9357.29246446522
btc,2020-06-21 00:00:00,9284.76937182934
btc,2020-06-22 00:00:00,9684.62018474576
btc,2020-06-23 00:00:00,9611.72599824664
btc,2020-06-24 00:00:00,9292.94354354179
btc,2020-06-25 00:00:00,9247.12143249561
btc,2020-06-26 00:00:00,9159.43777206312
btc,2020-06-27 00:00:00,9002.16561718293
btc,2020-06-28 00:00:00,9108.06567457627
btc,2020-06-29 00:00:00,9184.24736627703
btc,2020-06-30 00:00:00,9143.96758530099
btc,2020-07-01 00:00:00,9241.33961239041
btc,2020-07-02 00:00:00,9094.38728679135
btc,2020-07-03 00:00:00,9066.69069661017
btc,2020-07-04 00:00:00,9126.21955493863
btc,2020-07-05 00:00:00,9079.61401808884
btc,2020-07-06 00:00:00,9338.94259117475
btc,2020-07-07 00:00:00,9252.15873261251
btc,2020-07-08 00:00:00,9434.56795645821
btc,2020-07-09 00:00:00,9231.50234751607
btc,2020-07-10 00:00:00,9285.22101542957
btc,2020-07-11 00:00:00,9237.17100818235
btc,2020-07-12 00:00:00,9289.09797691408
btc,2020-07-13 00:00:00,9236.62250116891
btc,2020-07-14 00:00:00,9260.3569868498
btc,2020-07-15 00:00:00,9196.72555897136
btc,2020-07-16 00:00:00,9132.59231209818
btc,2020-07-17 00:00:00,9156.46870976037
btc,2020-07-18 00:00:00,9175.90530859147
btc,2020-07-19 00:00:00,9218.84231081239
btc,2020-07-20 00:00:00,9167.19056750439
btc,2020-07-21 00:00:00,9388.57434979544
btc,2020-07-22 00:00:00,9531.2574301578
btc,2020-07-23 00:00:00,9609.16671537113
btc,2020-07-24 00:00:00,9548.1007270602
btc,2020-07-25 00:00:00,9702.45279047341
btc,2020-07-26 00:00:00,9933.90655423729
btc,2020-07-27 00:00:00,11046.5083295149
btc,2020-07-28 00:00:00,10944.6129789012
btc,2020-07-29 00:00:00,11115.7712819988
btc,2020-07-30 00:00:00,11135.3907261835
btc,2020-07-31 00:00:00,11338.1973407949
btc,2020-08-01 00:00:00,11797.5821265342
btc,2020-08-02 00:00:00,11094.0206841321
btc,2020-08-03 00:00:00,11236.0956805377
btc,2020-08-04 00:00:00,11202.651909059
btc,2020-08-05 00:00:00,11721.4384715956
btc,2020-08-06 00:00:00,11769.3091081239
btc,2020-08-07 00:00:00,11598.9690585038
btc,2020-08-08 00:00:00,11743.0086350088
btc,2020-08-09 00:00:00,11680.5173661601
btc,2020-08-10 00:00:00,11870.3695447107
btc,2020-08-11 00:00:00,11392.6440884278
btc,2020-08-12 00:00:00,11575.5124736996
btc,2020-08-13 00:00:00,11773.4481155465
btc,2020-08-14 00:00:00,11774.4082518995
btc,2020-08-15 00:00:00,11866.9103613092
btc,2020-08-16 00:00:00,11899.6427535944
btc,2020-08-17 00:00:00,12315.7624166569
btc,2020-08-18 00:00:00,11992.6959962595
btc,2020-08-19 00:00:00,11736.8490645237
btc,2020-08-20 00:00:00,11867.5203439509
btc,2020-08-21 00:00:00,11524.6989491525
btc,2020-08-22 00:00:00,11682.2891503799
btc,2020-08-23 00:00:00,11665.6092735243
btc,2020-08-24 00:00:00,11771.4080537405
btc,2020-08-25 00:00:00,11358.4543202805
btc,2020-08-26 00:00:00,11472.0491204559
btc,2020-08-27 00:00:00,11314.6737410286
btc,2020-08-28 00:00:00,11527.8830322326
btc,2020-08-29 00:00:00,11490.7623477499
btc,2020-08-30 00:00:00,11698.9758329632
btc,2020-08-31 00:00:00,11678.3482268849
btc,2020-09-01 00:00:00,11970.364856166
btc,2020-09-02 00:00:00,11414.5209336645
btc,2020-09-03 00:00:00,10261.4944095266
btc,2020-09-04 00:00:00,10471.9664133255
btc,2020-09-05 00:00:00,10128.64358609
btc,2020-09-06 00:00:00,10253.2998980129
btc,2020-09-07 00:00:00,10367.8783543542
btc,2020-09-08 00:00:00,10108.6354501461
btc,2020-09-09 00:00:00,10223.1114091175
btc,2020-09-10 00:00:00,10334.6307302162
btc,2020-09-11 00:00:00,10387.0207419638
btc,2020-09-12 00:00:00,10436.9778322618
btc,2020-09-13 00:00:00,10322.5236148451
btc,2020-09-14 00:00:00,10662.719912332
btc,2020-09-15 00:00:00,10779.3810249562
btc,2020-09-16 00:00:00,10968.3205465809
btc,2020-09-17 00:00:00,10936.2927505552
btc,2020-09-18 00:00:00,10920.1128439509
btc,2020-09-19 00:00:00,11073.7795478083
btc,2020-09-20 00:00:00,10921.2180998247
btc,2020-09-21 00:00:00,10455.3799623027
btc,2020-09-22 00:00:00,10519.8391641146
btc,2020-09-23 00:00:00,10233.2995687317
btc,2020-09-24 00:00:00,10739.0427094097
btc,2020-09-25 00:00:00,10683.6305806546
btc,2020-09-26 00:00:00,10742.0304202221
btc,2020-09-27 00:00:00,10758.8242899474
btc,2020-09-28 00:00:00,10727.3750541204
btc,2020-09-29 00:00:00,10841.1427444769
btc,2020-09-30 00:00:00,10772.351766803
btc,2020-10-01 00:00:00,10606.6173325541
btc,2020-10-02 00:00:00,10570.1056777908
btc,2020-10-03 00:00:00,10555.7054339567
btc,2020-10-04 00:00:00,10665.618622443
btc,2020-10-05 00:00:00,10772.6355995909
btc,2020-10-06 00:00:00,10596.3735493863
btc,2020-10-07 00:00:00,10667.1943941555
btc,2020-10-08 00:00:00,10902.5293637054
btc,2020-10-09 00:00:00,11074.1036797779
btc,2020-10-10 00:00:00,11302.8542864407
btc,2020-10-11 00:00:00,11378.2625284629
btc,2020-10-12 00:00:00,11548.401556692
btc,2020-10-13 00:00:00,11434.9687849211
btc,2020-10-14 00:00:00,11417.10811391
btc,2020-10-15 00:00:00,11502.5812390415
btc,2020-10-16 00:00:00,11338.9871765634
btc,2020-10-17 00:00:00,11362.8022174167
btc,2020-10-18 00:00:00,11489.6225650497
btc,2020-10-19 00:00:00,11745.8119675628
btc,2020-10-20 00:00:00,11929.4572507306
btc,2020-10-21 00:00:00,12848.4906177674
btc,2020-10-22 00:00:00,12997.4993417884
btc,2020-10-23 00:00:00,12953.4296969608
btc,2020-10-24 00:00:00,13113.8669231444
btc,2020-10-25 00:00:00,13041.6410374635
btc,2020-10-26 00:00:00,13080.6561698422
btc,2020-10-27 00:00:00,13675.5239275278
btc,2020-10-28 00:00:00,13290.3288497954
btc,2020-10-29 00:00:00,13475.2173007013
btc,2020-10-30 00:00:00,13603.2960908825
btc,2020-10-31 00:00:00,13807.2336110462
btc,2020-11-01 00:00:00,13736.89941128
btc,2020-11-02 00:00:00,13595.5647603741
btc,2020-11-03 00:00:00,13996.915398597312
btc,2020-11-04 00:00:00,14129.148195499705
btc,2020-11-05 00:00:00,15606.46683372297
btc,2020-11-06 00:00:00,15618.972471361778
btc,2020-11-07 00:00:00,14866.356304500296
btc,2020-11-08 00:00:00,15500.000707188785
btc,2020-11-09 00:00:00,15319.819972530682
btc,2020-11-10 00:00:00,15319.275676212741
btc,2020-11-11 00:00:00,15731.241105786092
btc,2020-11-12 00:00:00,16289.814897720635
btc,2020-11-13 00:00:00,16330.06276797195
btc,2020-11-14 00:00:00,16102.010016949156
btc,2020-11-15 00:00:00,15986.7549905903
btc,2020-11-16 00:00:00,16743.05393980129
btc,2020-11-17 00:00:00,17682.16918702513
btc,2020-11-18 00:00:00,17804.690023962594
btc,2020-11-19 00:00:00,17818.668662185857
btc,2020-11-20 00:00:00,18663.78185312683
btc,2020-11-21 00:00:00,18706.58933541788
btc,2020-11-22 00:00:00,18482.692631735823
btc,2020-11-23 00:00:00,18373.257759789598
btc,2020-11-24 00:00:00,19150.251048509646
btc,2020-11-25 00:00:00,18748.393713033314
btc,2020-11-26 00:00:00,17113.716871420223
btc,2020-11-27 00:00:00,17101.603018059614
btc,2020-11-28 00:00:00,17745.377312448858
btc,2020-11-29 00:00:00,18190.866880420806
btc,2020-11-30 00:00:00,19664.407606662764
btc,2020-12-01 00:00:00,18820.60778959673
btc,2020-12-02 00:00:00,19214.872229047338
btc,2020-12-03 00:00:00,19470.31120806546
btc,2020-12-04 00:00:00,18732.967090999413
btc,2020-12-05 00:00:00,19114.633130917588
btc,2020-12-06 00:00:00,19356.313676797196
btc,2020-12-07 00:00:00,19182.176832846293
btc,2020-12-08 00:00:00,18340.97813769725
btc,2020-12-09 00:00:00,18574.69673524255
btc,2020-12-10 00:00:00,18294.84695149036
btc,2020-12-11 00:00:00,18061.760025716
btc,2020-12-12 00:00:00,18813.2837685564
btc,2020-12-13 00:00:00,19156.0825055523
btc,2020-12-14 00:00:00,19286.7512992402
btc,2020-12-15 00:00:00,19432.5884640561
btc,2020-12-16 00:00:00,21370.7203186441
btc,2020-12-17 00:00:00,22789.2674160725
btc,2020-12-18 00:00:00,23048.7645610754
btc,2020-12-19 00:00:00,23856.7735192285
btc,2020-12-20 00:00:00,23528.5506135593
btc,2020-12-21 00:00:00,22937.4183435418
btc,2020-12-22 00:00:00,23756.8887685564
btc,2020-12-23 00:00:00,23307.2709018118
btc,2020-12-24 00:00:00,23707.6330440678
btc,2020-12-25 00:00:00,24669.1643220339
btc,2020-12-26 00:00:00,26478.0681052016
btc,2020-12-27 00:00:00,26430.8565971946
btc,2020-12-28 00:00:00,27039.3490199883
btc,2020-12-29 00:00:00,27231.2034552893
btc,2020-12-30 00:00:00,28844.6136781999
btc,2020-12-31 00:00:00,29022.6714126242
btc,2021-01-01 00:00:00,29380.6937327878
btc,2021-01-02 00:00:00,32022.6810578609
btc,2021-01-03 00:00:00,33277.8353050848
btc,2021-01-04 00:00:00,31802.1467136178
btc,2021-01-05 00:00:00,34013.1741724138
btc,2021-01-06 00:00:00,36643.2777223846
btc,2021-01-07 00:00:00,39215.6511490356
btc,2021-01-08 00:00:00,40775.4045634132
btc,2021-01-09 00:00:00,40370.6823495032
btc,2021-01-10 00:00:00,38329.3401665693
btc,2021-01-11 00:00:00,35269.5137177089
btc,2021-01-12 00:00:00,33712.4685452952
btc,2021-01-13 00:00:00,37296.5475277615
btc,2021-01-14 00:00:00,39045.518340152
btc,2021-01-15 00:00:00,36710.3174248977
btc,2021-01-16 00:00:00,36177.2610970193
btc,2021-01-17 00:00:00,36069.939466803
btc,2021-01-18 00:00:00,36594.2964018118
btc,2021-01-19 00:00:00,36250.1461893629
btc,2021-01-20 00:00:00,35515.480012858
btc,2021-01-21 00:00:00,31022.9510280538
btc,2021-01-22 00:00:00,32986.4357568673
btc,2021-01-23 00:00:00,32036.2822723553
btc,2021-01-24 00:00:00,32216.1042904734
btc,2021-01-25 00:00:00,32419.7059462303
btc,2021-01-26 00:00:00,32640.6391426067
btc,2021-01-27 00:00:00,30358.9347235535
btc,2021-01-28 00:00:00,33511.287595149
btc,2021-01-29 00:00:00,34166.1494259497
btc,2021-01-30 00:00:00,34349.9170952659
btc,2021-01-31 00:00:00,33157.8325745178
btc,2021-02-01 00:00:00,33570.2718468732
btc,2021-02-02 00:00:00,35596.1489094097
btc,2021-02-03 00:00:00,37578.3732068966
btc,2021-02-04 00:00:00,37129.2029376972
btc,2021-02-05 00:00:00,38045.4136084161
btc,2021-02-06 00:00:00,39341.727081239
btc,2021-02-07 00:00:00,39003.0121817651
btc,2021-02-08 00:00:00,46121.9340724722
btc,2021-02-09 00:00:00,46548.1619912332
btc,2021-02-10 00:00:00,45078.128350263
btc,2021-02-11 00:00:00,47892.8409181765
btc,2021-02-12 00:00:00,47525.2091431911
btc,2021-02-13 00:00:00,47208.6250270602
btc,2021-02-14 00:00:00,48829.8275096435
btc,2021-02-15 00:00:00,48110.2417334892
btc,2021-02-16 00:00:00,49140.3826578024
btc,2021-02-17 00:00:00,52224.9391139684
btc,2021-02-18 00:00:00,51650.0699485681
btc,2021-02-19 00:00:00,55820.5044038574
btc,2021-02-20 00:00:00,55861.8205670953
btc,2021-02-21 00:00:00,57500.7161102864
btc,2021-02-22 00:00:00,53952.1533386324
btc,2021-02-23 00:00:00,48560.4890350672
btc,2021-02-24 00:00:00,49567.3456890707
btc,2021-02-25 00:00:00,47568.131170076
btc,2021-02-26 00:00:00,46231.7675784921
btc,2021-02-27 00:00:00,45834.5133611923
btc,2021-02-28 00:00:00,45359.4641642314
btc,2021-03-01 00:00:00,49634.4471092928
btc,2021-03-02 00:00:00,48304.7054879018
btc,2021-03-03 00:00:00,50690.4671835184
btc,2021-03-04 00:00:00,48472.7954751607
btc,2021-03-05 00:00:00,48800.8173594389
btc,2021-03-06 00:00:00,48970.5244868498
btc,2021-03-07 00:00:00,51086.4681794272
btc,2021-03-08 00:00:00,52088.475131502
btc,2021-03-09 00:00:00,54739.1352542373
btc,2021-03-10 00:00:00,56116.040912332
btc,2021-03-11 00:00:00,57847.2549357101
btc,2021-03-12 00:00:00,57334.641534775
btc,2021-03-13 00:00:00,61288.7941276447
btc,2021-03-14 00:00:00,59905.6184704851
btc,2021-03-15 00:00:00,56121.121924021
btc,2021-03-16 00:00:00,56500.4460257159
btc,2021-03-17 00:00:00,58683.0659824664
btc,2021-03-18 00:00:00,57731.4798410871
btc,2021-03-19 00:00:00,58168.1219222677
btc,2021-03-20 00:00:00,58247.8847066043
btc,2021-03-21 00:00:00,57447.9330198714
btc,2021-03-22 00:00:00,54453.1373508475
btc,2021-03-23 00:00:00,54563.6119458211
btc,2021-03-24 00:00:00,52595.4113237873
btc,2021-03-25 00:00:00,51547.1248953828
btc,2021-03-26 00:00:00,54817.8571122151
btc,2021-03-27 00:00:00,56019.8373055523
btc,2021-03-28 00:00:00,55713.0381396844
btc,2021-03-29 00:00:00,57571.2333477498
btc,2021-03-30 00:00:00,58684.5483921683
btc,2021-03-31 00:00:00,58792.1948275862
btc,2021-04-01 00:00:00,58818.9770985973
btc,2021-04-02 00:00:00,59031.5340192285
btc,2021-04-03 00:00:00,57282.3896247808
btc,2021-04-04 00:00:00,58202.199391993
btc,2021-04-05 00:00:00,58755.8525295149
btc,2021-04-06 00:00:00,58084.0664231444
btc,2021-04-07 00:00:00,56266.8346762127
btc,2021-04-08 00:00:00,57963.3445994155
btc,2021-04-09 00:00:00,58051.7625563998
btc,2021-04-10 00:00:00,59651.5589877265
btc,2021-04-11 00:00:00,59932.9306469901
btc,2021-04-12 00:00:00,59905.9363744594
btc,2021-04-13 00:00:00,63445.638314436
btc,2021-04-14 00:00:00,62869.4955873758
btc,2021-04-15 00:00:00,63231.162987142
btc,2021-04-16 00:00:00,61571.1100905903
btc,2021-04-17 00:00:00,60280.8761758036
btc,2021-04-18 00:00:00,56389.5579812975
btc,2021-04-19 00:00:00,55798.1370771479
btc,2021-04-20 00:00:00,56474.3737586207
btc,2021-04-21 00:00:00,54025.7995745178
btc,2021-04-22 00:00:00,51882.0598106371
btc,2021-04-23 00:00:00,50954.9100607832
btc,2021-04-24 00:00:00,50279.9484464056
btc,2021-04-25 00:00:00,48946.9407428404
btc,2021-04-26 00:00:00,53943.3499783752
btc,2021-04-27 00:00:00,55027.0309848042
btc,2021-04-28 00:00:00,54787.3787071888
btc,2021-04-29 00:00:00,53567.0811938048
btc,2021-04-30 00:00:00,57741.44441654
btc,2021-05-01 00:00:00,57863.5903927528
btc,2021-05-02 00:00:00,56572.5968410286
btc,2021-05-03 00:00:00,57243.0416054939
btc,2021-05-04 00:00:00,53724.10892519
btc,2021-05-05 00:00:00,57342.0256616014
btc,2021-05-06 00:00:00,56527.3529789597
btc,2021-05-07 00:00:00,57341.0684549386
btc,2021-05-08 00:00:00,58736.1258950906
btc,2021-05-09 00:00:00,58288.4256303916
btc,2021-05-10 00:00:00,55902.9277399182
btc,2021-05-11 00:00:00,56612.1026487434
btc,2021-05-12 00:00:00,50972.355081239
btc,2021-05-13 00:00:00,49368.6144739918
btc,2021-05-14 00:00:00,49997.3959011105
btc,2021-05-15 00:00:00,47047.9633331385
btc,2021-05-16 00:00:00,46022.5037090006
btc,2021-05-17 00:00:00,43492.3954833431
btc,2021-05-18 00:00:00,42789.8093921683
btc,2021-05-19 00:00:00,37642.5200017534
btc,2021-05-20 00:00:00,40799.4021475745
btc,2021-05-21 00:00:00,37174.3311014027
btc,2021-05-22 00:00:00,37643.4197983635
btc,2021-05-23 00:00:00,34774.207221917
btc,2021-05-24 00:00:00,38630.4091186441
btc,2021-05-25 00:00:00,38269.7710747516
btc,2021-05-26 00:00:00,39194.8588980129
btc,2021-05-27 00:00:00,38510.8570417884
btc,2021-05-28 00:00:00,35596.7179510228
btc,2021-05-29 00:00:00,34681.8183670368
btc,2021-05-30 00:00:00,35652.1687703098
btc,2021-05-31 00:00:00,37312.9748970193
btc,2021-06-01 00:00:00,36661.3781184687
btc,2021-06-02 00:00:00,37639.4556732905
btc,2021-06-03 00:00:00,39160.1504132086
btc,2021-06-04 00:00:00,36884.3735551724
btc,2021-06-05 00:00:00,35409.5672366452
btc,2021-06-06 00:00:00,35720.6043546464
btc,2021-06-07 00:00:00,33724.9077517826
btc,2021-06-08 00:00:00,33475.0489234366
btc,2021-06-09 00:00:00,37372.9888953828
btc,2021-06-10 00:00:00,36826.0022185856
btc,2021-06-11 00:00:00,37185.3931268264
btc,2021-06-12 00:00:00,35669.1712817066
btc,2021-06-13 00:00:00,38925.4194289889
btc,2021-06-14 00:00:00,40455.5959833431
btc,2021-06-15 00:00:00,40254.6514679135
btc,2021-06-16 00:00:00,38265.5437726476
btc,2021-06-17 00:00:00,38018.6432346581
btc,2021-06-18 00:00:00,35714.3120787259
btc,2021-06-19 00:00:00,35555.9763966686
btc,2021-06-20 00:00:00,35599.9418784337
btc,2021-06-21 00:00:00,31715.1598624196
btc,2021-06-22 00:00:00,32394.5555949737
btc,2021-06-23 00:00:00,33610.4968129749
btc,2021-06-24 00:00:00,34658.972875979
btc,2021-06-25 00:00:00,31683.5032004676
btc,2021-06-26 00:00:00,31890.6764465225
btc,2021-06-27 00:00:00,34506.4911975453
btc,2021-06-28 00:00:00,34376.188538983
btc,2021-06-29 00:00:00,35933.7782178843
btc,2021-06-30 00:00:00,35065.4661533606
btc,2021-07-01 00:00:00,33505.0804935126
btc,2021-07-02 00:00:00,33782.9459464641
btc,2021-07-03 00:00:00,34588.2242916423
btc,2021-07-04 00:00:00,35355.6078883694
btc,2021-07-05 00:00:00,33911.7538404442
btc,2021-07-06 00:00:00,34123.9815680888
btc,2021-07-07 00:00:00,33931.6186382233
btc,2021-07-08 00:00:00,32819.6595312098
btc,2021-07-09 00:00:00,33914.8810742256
btc,2021-07-10 00:00:00,33610.9458386908
btc,2021-07-11 00:00:00,34258.4413898305
btc,2021-07-12 00:00:00,33135.2359117475
btc,2021-07-13 00:00:00,32641.9759610169
btc,2021-07-14 00:00:00,32798.2845189947
btc,2021-07-15 00:00:00,31707.6900368206
btc,2021-07-16 00:00:00,31455.7175818819
btc,2021-07-17 00:00:00,31547.9511990064
btc,2021-07-18 00:00:00,31707.7038527177
btc,2021-07-19 00:00:00,30883.4697462303
btc,2021-07-20 00:00:00,29766.6577182934
btc,2021-07-21 00:00:00,32119.6572258328
btc,2021-07-22 00:00:00,32306.9614285798
btc,2021-07-23 00:00:00,33439.5957028638
btc,2021-07-24 00:00:00,34166.914654588
btc,2021-07-25 00:00:00,35119.9374360023
btc,2021-07-26 00:00:00,37444.7825102279
btc,2021-07-27 00:00:00,39126.5402881356
btc,2021-07-28 00:00:00,39939.1940432495
btc,2021-07-29 00:00:00,40086.1643950906
btc,2021-07-30 00:00:00,41789.6670981882
btc,2021-07-31 00:00:00,41793.3137481005
btc,2021-08-01 00:00:00,39968.9689544126
btc,2021-08-02 00:00:00,39304.1862835769
btc,2021-08-03 00:00:00,38288.8253975453
btc,2021-08-04 00:00:00,39773.9113489188
btc,2021-08-05 00:00:00,40941.650434249
btc,2021-08-06 00:00:00,42790.3573284629
btc,2021-08-07 00:00:00,44484.9005862069
btc,2021-08-08 00:00:00,43972.3010181181
btc,2021-08-09 00:00:00,46265.6424564582
btc,2021-08-10 00:00:00,45488.7912624196
btc,2021-08-11 00:00:00,45676.3263611923
btc,2021-08-12 00:00:00,44405.7483483343
btc,2021-08-13 00:00:00,47717.4853559322
btc,2021-08-14 00:00:00,47124.2050736411
btc,2021-08-15 00:00:00,47074.370710111
btc,2021-08-16 00:00:00,45984.7199070719
btc,2021-08-17 00:00:00,44714.0967982466
btc,2021-08-18 00:00:00,44954.3637469316
btc,2021-08-19 00:00:00,46646.8615049679
btc,2021-08-20 00:00:00,49240.8356049094
btc,2021-08-21 00:00:00,49070.2409701929
btc,2021-08-22 00:00:00,49363.3160952659
btc,2021-08-23 00:00:00,49590.8763676213
btc,2021-08-24 00:00:00,47925.8622127411
btc,2021-08-25 00:00:00,49002.3166049094
btc,2021-08-26 00:00:00,47190.3449929866
btc,2021-08-27 00:00:00,49048.4755891292
btc,2021-08-28 00:00:00,48852.4687995324
btc,2021-08-29 00:00:00,48948.3479579193
btc,2021-08-30 00:00:00,47125.7685189947
btc,2021-08-31 00:00:00,47219.2443424898
btc,2021-09-01 00:00:00,48688.5375572764
btc,2021-09-02 00:00:00,49369.5862746932
btc,2021-09-03 00:00:00,49860.5341635301
btc,2021-09-04 00:00:00,49919.577563647
btc,2021-09-05 00:00:00,51747.6438565167
btc,2021-09-06 00:00:00,52640.5883740503
btc,2021-09-07 00:00:00,46854.4006028638
btc,2021-09-08 00:00:00,46187.9757306254
btc,2021-09-09 00:00:00,46448.7748290473
btc,2021-09-10 00:00:00,44765.2755762712
btc,2021-09-11 00:00:00,45098.5916447691
btc,2021-09-12 00:00:00,46180.6124563998
btc,2021-09-13 00:00:00,44991.5221277031
btc,2021-09-14 00:00:00,47022.6177597896
btc,2021-09-15 00:00:00,48167.1893676213
btc,2021-09-16 00:00:00,47797.3283237873
btc,2021-09-17 00:00:00,47213.7941294565
btc,2021-09-18 00:00:00,48204.0136519579
btc,2021-09-19 00:00:00,47218.4739964933
btc,2021-09-20 00:00:00,42855.5103448276
btc,2021-09-21 00:00:00,40526.4893760958
btc,2021-09-22 00:00:00,43577.5724821742
btc,2021-09-23 00:00:00,44861.2980329047
btc,2021-09-24 00:00:00,42803.307701052
btc,2021-09-25 00:00:00,42735.2658240795
btc,2021-09-26 00:00:00,43131.2941773816
btc,2021-09-27 00:00:00,42496.7852250146
btc,2021-09-28 00:00:00,41223.7862743425
btc,2021-09-29 00:00:00,41453.9470131502
btc,2021-09-30 00:00:00,43781.546015488
btc,2021-10-01 00:00:00,48078.1315543542
btc,2021-10-02 00:00:00,47792.4391943308
btc,2021-10-03 00:00:00,48202.6229177089
btc,2021-10-04 00:00:00,49288.5013106371
btc,2021-10-05 00:00:00,51558.0493319112
btc,2021-10-06 00:00:00,55419.800411163
btc,2021-10-07 00:00:00,53805.1569125658
btc,2021-10-08 00:00:00,53933.5275908825
btc,2021-10-09 00:00:00,55010.9224751607
btc,2021-10-10 00:00:00,54701.2797022209
btc,2021-10-11 00:00:00,57289.1864570426
btc,2021-10-12 00:00:00,56196.1812597896
btc,2021-10-13 00:00:00,57348.8928769725
btc,2021-10-14 00:00:00,57384.0369146698
btc,2021-10-15 00:00:00,61446.0840073057
btc,2021-10-16 00:00:00,60932.0632119228
btc,2021-10-17 00:00:00,61462.2223722969
btc,2021-10-18 00:00:00,61977.0575514319
btc,2021-10-19 00:00:00,64290.8977574518
btc,2021-10-20 00:00:00,66061.7965639977
btc,2021-10-21 00:00:00,62373.8856206897
btc,2021-10-22 00:00:00,60750.9673718293
btc,2021-10-23 00:00:00,61250.082628872
btc,2021-10-24 00:00:00,60865.4470523086
btc,2021-10-25 00:00:00,63031.6729015196
btc,2021-10-26 00:00:00,60393.9802738165
btc,2021-10-27 00:00:00,58563.3359899766
btc,2021-10-28 00:00:00,60564.5721122151
btc,2021-10-29 00:00:00,62230.8055689655
btc,2021-10-30 00:00:00,61742.9165321449
btc,2021-10-31 00:00:00,61432.9700628287
btc,2021-11-01 00:00:00,61092.0950592051
btc,2021-11-02 00:00:00,63024.7472296902
btc,2021-11-03 00:00:00,62955.9817630041
btc,2021-11-04 00:00:00,61393.8899780246
btc,2021-11-05 00:00:00,61005.840833723
btc,2021-11-06 00:00:00,61455.0536268849
btc,2021-11-07 00:00:00,63043.8290590298
btc,2021-11-08 00:00:00,67541.7555081824
btc,2021-11-09 00:00:00,67095.5856706605
btc,2021-11-10 00:00:00,64756.0779689071
btc,2021-11-11 00:00:00,64962.9312939801
btc,2021-11-12 00:00:00,64078.968037405
btc,2021-11-13 00:00:00,64397.7912063121
btc,2021-11-14 00:00:00,65032.2256548217
btc,2021-11-15 00:00:00,63753.5031592636
btc,2021-11-16 00:00:00,60322.4978530099
btc,2021-11-17 00:00:00,60154.3083661601
btc,2021-11-18 00:00:00,56794.1556271186
btc,2021-11-19 00:00:00,58014.0729888954
btc,2021-11-20 00:00:00,59749.4738229106
btc,2021-11-21 00:00:00,59032.6241017534
btc,2021-11-22 00:00:00,56383.5658760958
btc,2021-11-23 00:00:00,57642.2657980713
btc,2021-11-24 00:00:00,57141.8303784337
btc,2021-11-25 00:00:00,59008.6554792519
btc,2021-11-26 00:00:00,53800.6178389831
btc,2021-11-27 00:00:00,54635.8824628872
btc,2021-11-28 00:00:00,57248.5696963764
btc,2021-11-29 00:00:00,57920.7107299825
btc,2021-11-30 00:00:00,57097.0127942724
btc,2021-12-01 00:00:00,57180.6098439509
btc,2021-12-02 00:00:00,56582.8937691408
btc,2021-12-03 00:00:00,53671.6160680888
btc,2021-12-04 00:00:00,49159.7357983635
btc,2021-12-05 00:00:00,49327.0935999416
btc,2021-12-06 00:00:00,50535.4252232612
btc,2021-12-07 00:00:00,50574.4728344828
btc,2021-12-08 00:00:00,50500.6543513735
btc,2021-12-09 00:00:00,47937.8228458212
btc,2021-12-10 00:00:00,47437.2289725307
btc,2021-12-11 00:00:00,49321.7693252484
btc,2021-12-12 00:00:00,50136.5722568673
btc,2021-12-13 00:00:00,46785.3278410286
btc,2021-12-14 00:00:00,48292.6822501461
btc,2021-12-15 00:00:00,48830.6223860316
btc,2021-12-16 00:00:00,47663.4691077148
btc,2021-12-17 00:00:00,46334.4837489772
btc,2021-12-18 00:00:00,46904.8736753361
btc,2021-12-19 00:00:00,46876.426924021
btc,2021-12-20 00:00:00,46954.7634783168
btc,2021-12-21 00:00:00,49082.0624666277
btc,2021-12-22 00:00:00,48692.0987391584
btc,2021-12-23 00:00:00,50712.9707682642
btc,2021-12-24 00:00:00,50783.8344210988
btc,2021-12-25 00:00:00,50590.4508976622
btc,2021-12-26 00:00:00,50798.3065859147
btc,2021-12-27 00:00:00,50796.3776735827
btc,2021-12-28 00:00:00,47673.0440452367
btc,2021-12-29 00:00:00,46470.3215751023
btc,2021-12-30 00:00:00,47102.4630037989
btc,2021-12-31 00:00:00,46355.1173302747
btc,2022-01-01 00:00:00,47560.0093816482
btc,2022-01-02 00:00:00,47352.5577565751
btc,2022-01-03 00:00:00,46453.432351841
btc,2022-01-04 00:00:00,45905.9611221508
btc,2022-01-05 00:00:00,43530.9440388662
btc,2022-01-06 00:00:00,43144.9652928112
btc,2022-01-07 00:00:00,41512.7845808299
btc,2022-01-08 00:00:00,41799.8128848627
btc,2022-01-09 00:00:00,41886.4985569842
btc,2022-01-10 00:00:00,41816.9510561075
btc,2022-01-11 00:00:00,42768.1786116306
btc,2022-01-12 00:00:00,43961.0265441262
btc,2022-01-13 00:00:00,42626.8653924605
btc,2022-01-14 00:00:00,43102.6476180596
btc,2022-01-15 00:00:00,43206.6744812975
btc,2022-01-16 00:00:00,43168.8596671537
btc,2022-01-17 00:00:00,42211.270399474
btc,2022-01-18 00:00:00,42431.2319670368
btc,2022-01-19 00:00:00,41787.722012858
btc,2022-01-20 00:00:00,40756.1261630625
btc,2022-01-21 00:00:00,36492.2872241379
btc,2022-01-22 00:00:00,34996.390965225
btc,2022-01-23 00:00:00,36271.0502650497
btc,2022-01-24 00:00:00,36659.7252206312
btc,2022-01-25 00:00:00,36952.586773232
btc,2022-01-26 00:00:00,36825.8245993571
btc,2022-01-27 00:00:00,37021.9371332554
btc,2022-01-28 00:00:00,37768.8474836353
btc,2022-01-29 00:00:00,38088.2912279953
btc,2022-01-30 00:00:00,37983.5063845704
btc,2022-01-31 00:00:00,38462.6724029807
btc,2022-02-01 00:00:00,38787.9640824079
btc,2022-02-02 00:00:00,36942.3307493279
btc,2022-02-03 00:00:00,37057.6521879018
btc,2022-02-04 00:00:00,41079.9060881356
btc,2022-02-05 00:00:00,41508.5816925774
btc,2022-02-06 00:00:00,42358.2251732905
btc,2022-02-07 00:00:00,43888.980119813
btc,2022-02-08 00:00:00,44167.4447945646
btc,2022-02-09 00:00:00,44405.0732042665
btc,2022-02-10 00:00:00,43614.3426960842
btc,2022-02-11 00:00:00,42357.3217416715
btc,2022-02-12 00:00:00,42173.4593962595
btc,2022-02-13 00:00:00,42195.5947451782
btc,2022-02-14 00:00:00,42646.1618590883
btc,2022-02-15 00:00:00,44511.9084880187
btc,2022-02-16 00:00:00,44065.7092673875
btc,2022-02-17 00:00:00,40610.024261543
btc,2022-02-18 00:00:00,40044.2204856809
btc,2022-02-19 00:00:00,40095.887329398
btc,2022-02-20 00:00:00,38551.6224967855
btc,2022-02-21 00:00:00,37098.0360081824
btc,2022-02-22 00:00:00,38202.5940818235
btc,2022-02-23 00:00:00,37308.2687344243
btc,2022-02-24 00:00:00,38283.790402104
btc,2022-02-25 00:00:00,39323.7702158387
btc,2022-02-26 00:00:00,39056.5781523086
btc,2022-02-27 00:00:00,37664.7792828755
btc,2022-02-28 00:00:00,43179.2545140269
btc,2022-03-01 00:00:00,44334.457582408
btc,2022-03-02 00:00:00,43984.584926768
btc,2022-03-03 00:00:00,42492.7744552893
btc,2022-03-04 00:00:00,39106.4052159556
btc,2022-03-05 00:00:00,39383.8848433665
btc,2022-03-06 00:00:00,38399.3426268264
btc,2022-03-07 00:00:00,38146.734273232
btc,2022-03-08 00:00:00,38725.477261543
btc,2022-03-09 00:00:00,41989.4028179427
btc,2022-03-10 00:00:00,39482.2584672706
btc,2022-03-11 00:00:00,38825.3644214494
btc,2022-03-12 00:00:00,38951.1300157802
btc,2022-03-13 00:00:00,37808.3174004091
btc,2022-03-14 00:00:00,39649.0453243717
btc,2022-03-15 00:00:00,39356.8139000584
btc,2022-03-16 00:00:00,41101.768579135
btc,2022-03-17 00:00:00,40966.4169324956
btc,2022-03-18 00:00:00,41826.1160710111
btc,2022-03-19 00:00:00,42193.1615362361
btc,2022-03-20 00:00:00,41294.7235129164
btc,2022-03-21 00:00:00,41064.429648159
btc,2022-03-22 00:00:00,42383.169518761
btc,2022-03-23 00:00:00,42734.2000355932
btc,2022-03-24 00:00:00,43974.5935882525
btc,2022-03-25 00:00:00,44347.034279661
btc,2022-03-26 00:00:00,44519.9268641145
btc,2022-03-27 00:00:00,46777.2056265342
btc,2022-03-28 00:00:00,47223.6528860316
btc,2022-03-29 00:00:00,47463.7096770894
btc,2022-03-30 00:00:00,47123.2971478667
btc,2022-03-31 00:00:00,45562.2106665693
btc,2022-04-01 00:00:00,46250.3362878434
btc,2022-04-02 00:00:00,45939.8973489188
btc,2022-04-03 00:00:00,46440.5438538866
btc,2022-04-04 00:00:00,46663.0041770894
btc,2022-04-05 00:00:00,45693.0350619521
btc,2022-04-06 00:00:00,43304.9371990064
btc,2022-04-07 00:00:00,43569.0471697837
btc,2022-04-08 00:00:00,42222.0689772063
btc,2022-04-09 00:00:00,42680.9947355932
btc,2022-04-10 00:00:00,42264.4633909994
btc,2022-04-11 00:00:00,39544.0251835184
btc,2022-04-12 00:00:00,40096.3669748685
btc,2022-04-13 00:00:00,41152.7554517826
btc,2022-04-14 00:00:00,39916.4963842782
btc,2022-04-15 00:00:00,40527.3319567504
btc,2022-04-16 00:00:00,40439.5881209819
btc,2022-04-17 00:00:00,39704.7839798364
btc,2022-04-18 00:00:00,40818.8786025716
btc,2022-04-19 00:00:00,41489.6638011689
btc,2022-04-20 00:00:00,41395.64458346
btc,2022-04-21 00:00:00,40457.4959418469
btc,2022-04-22 00:00:00,39737.9735040912
btc,2022-04-23 00:00:00,39582.4548720047
btc,2022-04-24 00:00:00,39511.6456928697
btc,2022-04-25 00:00:00,40473.7483176505
btc,2022-04-26 00:00:00,38072.800873758
btc,2022-04-27 00:00:00,39218.5376174752
btc,2022-04-28 00:00:00,39747.9894270018
btc,2022-04-29 00:00:00,38609.5059070719
btc,2022-04-30 00:00:00,37714.0949804208
btc,2022-05-01 00:00:00,38459.226979135
btc,2022-05-02 00:00:00,38566.0628877849
btc,2022-05-03 00:00:00,37704.4053153127
btc,2022-05-04 00:00:00,39641.852176505
btc,2022-05-05 00:00:00,36502.0245601403
btc,2022-05-06 00:00:00,36042.9995584453
btc,2022-05-07 00:00:00,35508.7110227937
btc,2022-05-08 00:00:00,34058.9066861484
btc,2022-05-09 00:00:00,30457.9218194039
btc,2022-05-10 00:00:00,30990.7351659848
btc,2022-05-11 00:00:00,28796.5568217417
btc,2022-05-12 00:00:00,29030.7070417884
btc,2022-05-13 00:00:00,29285.9346718293
btc,2022-05-14 00:00:00,30051.935755114
btc,2022-05-15 00:00:00,31182.6212460549
btc,2022-05-16 00:00:00,29889.6124757452
btc,2022-05-17 00:00:00,30438.1944476914
btc,2022-05-18 00:00:00,28771.2204786675
btc,2022-05-19 00:00:00,30257.8852483928
btc,2022-05-20 00:00:00,29224.245998422
btc,2022-05-21 00:00:00,29420.0782857978
btc,2022-05-22 00:00:00,30331.87514173
btc,2022-05-23 00:00:00,29088.2515419638
btc,2022-05-24 00:00:00,29643.6837556984
btc,2022-05-25 00:00:00,29577.259880187
btc,2022-05-26 00:00:00,29332.4860467563
btc,2022-05-27 00:00:00,28612.0413103448
btc,2022-05-28 00:00:00,29045.5206344243
btc,2022-05-29 00:00:00,29430.0689800117
btc,2022-05-30 00:00:00,31735.9549719462
btc,2022-05-31 00:00:00,31831.4095251315
btc,2022-06-01 00:00:00,29825.9221992987
btc,2022-06-02 00:00:00,30504.2679997078
btc,2022-06-03 00:00:00,29662.6709708942
btc,2022-06-04 00:00:00,29792.4076779077
btc,2022-06-05 00:00:00,29915.4093009936
btc,2022-06-06 00:00:00,31333.6770197545
btc,2022-06-07 00:00:00,31175.0324289889
btc,2022-06-08 00:00:00,30228.464698422
btc,2022-06-09 00:00:00,30064.4855289305
btc,2022-06-10 00:00:00,29070.4000300994
btc,2022-06-11 00:00:00,28360.7899231444
btc,2022-06-12 00:00:00,26830.2839456458
btc,2022-06-13 00:00:00,22316.2570400351
btc,2022-06-14 00:00:00,22072.8663085915
btc,2022-06-15 00:00:00,22520.7910087668
btc,2022-06-16 00:00:00,20310.1769848042
btc,2022-06-17 00:00:00,20464.9290873174
btc,2022-06-18 00:00:00,19013.8672536528
btc,2022-06-19 00:00:00,20492.2951683226
btc,2022-06-20 00:00:00,20571.6292247224
btc,2022-06-21 00:00:00,20688.4651312098
btc,2022-06-22 00:00:00,20003.1683375219
btc,2022-06-23 00:00:00,21097.1028331385
btc,2022-06-24 00:00:00,21299.0769853887
btc,2022-06-25 00:00:00,21468.3431566335
btc,2022-06-26 00:00:00,21066.6209430158
btc,2022-06-27 00:00:00,20751.0516960842
btc,2022-06-28 00:00:00,20263.2196393922
btc,2022-06-29 00:00:00,20080.9480864991
btc,2022-06-30 00:00:00,19332.9121294565
btc,2022-07-01 00:00:00,19341.8631240795
btc,2022-07-02 00:00:00,19231.8317083577
btc,2022-07-03 00:00:00,19276.5146639392
btc,2022-07-04 00:00:00,20226.2984745763
btc,2022-07-05 00:00:00,20193.3427938048
btc,2022-07-06 00:00:00,20560.8438126826
btc,2022-07-07 00:00:00,21651.4191423144
btc,2022-07-08 00:00:00,21813.7871239042
btc,2022-07-09 00:00:00,21585.1321922852
btc,2022-07-10 00:00:00,20831.2733915839
btc,2022-07-11 00:00:00,19971.3294704851
btc,2022-07-12 00:00:00,19339.1534734074
btc,2022-07-13 00:00:00,20155.5278386908
btc,2022-07-14 00:00:00,20552.8990289304
btc,2022-07-15 00:00:00,20831.722700526
btc,2022-07-16 00:00:00,21196.5091428989
btc,2022-07-17 00:00:00,20827.8886085915
btc,2022-07-18 00:00:00,22305.7066428989
btc,2022-07-19 00:00:00,23371.2026601403
btc,2022-07-20 00:00:00,23280.9356680304
btc,2022-07-21 00:00:00,23152.4093112215
btc,2022-07-22 00:00:00,22706.0835554646
btc,2022-07-23 00:00:00,22484.4592317358
btc,2022-07-24 00:00:00,22653.3570260082
btc,2022-07-25 00:00:00,21510.1255874342
btc,2022-07-26 00:00:00,21181.6591967855
btc,2022-07-27 00:00:00,22898.4150683226
btc,2022-07-28 00:00:00,23838.5568838691
btc,2022-07-29 00:00:00,23950.7403798948
btc,2022-07-30 00:00:00,23623.4349611338
btc,2022-07-31 00:00:00,23356.1722215079
btc,2022-08-01 00:00:00,23331.4426969608
btc,2022-08-02 00:00:00,23031.4268834015
btc,2022-08-03 00:00:00,22809.7474418469
btc,2022-08-04 00:00:00,22628.3320821157
btc,2022-08-05 00:00:00,23248.9715023378
btc,2022-08-06 00:00:00,22996.2750452952
btc,2022-08-07 00:00:00,23153.6584713618
btc,2022-08-08 00:00:00,23803.6505154296
btc,2022-08-09 00:00:00,23186.2917464641
btc,2022-08-10 00:00:00,23923.0584830508
btc,2022-08-11 00:00:00,23934.4390561075
btc,2022-08-12 00:00:00,24396.3088462887
btc,2022-08-13 00:00:00,24426.2225748101
btc,2022-08-14 00:00:00,24314.2021315021
btc,2022-08-15 00:00:00,24083.9539748685
btc,2022-08-16 00:00:00,23868.8193530099
btc,2022-08-17 00:00:00,23336.3489310345
btc,2022-08-18 00:00:00,23221.1706028638
btc,2022-08-19 00:00:00,20906.7663141438
btc,2022-08-20 00:00:00,21146.6548021625
btc,2022-08-21 00:00:00,21553.9961717125
btc,2022-08-22 00:00:00,21301.0840581531
btc,2022-08-23 00:00:00,21534.5143521333
btc,2022-08-24 00:00:00,21424.9728232028
btc,2022-08-25 00:00:00,21587.8395844535
btc,2022-08-26 00:00:00,20246.1655733489
btc,2022-08-27 00:00:00,20043.9909485681
btc,2022-08-28 00:00:00,19673.5412188778
btc,2022-08-29 00:00:00,20270.960383986
btc,2022-08-30 00:00:00,19825.4632066043
btc,2022-08-31 00:00:00,20024.6716059614
btc,2022-09-01 00:00:00,20105.4626072472
btc,2022-09-02 00:00:00,19948.8567472823
btc,2022-09-03 00:00:00,19803.8332697253
btc,2022-09-04 00:00:00,19961.9118907072
btc,2022-09-05 00:00:00,19797.7967884278
btc,2022-09-06 00:00:00,18846.150537405
btc,2022-09-07 00:00:00,19292.9070745178
btc,2022-09-08 00:00:00,19319.1248512566
btc,2022-09-09 00:00:00,21363.3136152542
btc,2022-09-10 00:00:00,21715.2107980713
btc,2022-09-11 00:00:00,21732.7705686733
btc,2022-09-12 00:00:00,22365.2145601987
btc,2022-09-13 00:00:00,20165.0421607247
btc,2022-09-14 00:00:00,20246.3660424313
btc,2022-09-15 00:00:00,19696.8698661601
btc,2022-09-16 00:00:00,19741.5776168907
btc,2022-09-17 00:00:00,20120.7023459965
btc,2022-09-18 00:00:00,19427.1002626534
btc,2022-09-19 00:00:00,19557.9769582116
btc,2022-09-20 00:00:00,18872.9498667446
btc,2022-09-21 00:00:00,18506.7607481005
btc,2022-09-22 00:00:00,19414.5396449445
btc,2022-09-23 00:00:00,19326.8648199883
btc,2022-09-24 00:00:00,18924.7677872589
btc,2022-09-25 00:00:00,18793.1561531268
btc,2022-09-26 00:00:00,19201.1317209234
btc,2022-09-27 00:00:00,19106.7389135009
btc,2022-09-28 00:00:00,19454.937210111
btc,2022-09-29 00:00:00,19540.8664105786
btc,2022-09-30 00:00:00,19435.1946917008
btc,2022-10-01 00:00:00,19311.861629398
btc,2022-10-02 00:00:00,19015.2928050847
btc,2022-10-03 00:00:00,19633.4325859147
btc,2022-10-04 00:00:00,20339.9712811221
btc,2022-10-05 00:00:00,20155.0996987142
btc,2022-10-06 00:00:00,19950.5477957335
btc,2022-10-07 00:00:00,19539.1439216832
btc,2022-10-08 00:00:00,19416.1772291058
btc,2022-10-09 00:00:00,19428.3671323787
btc,2022-10-10 00:00:00,19154.4042346581
btc,2022-10-11 00:00:00,19039.2820683811
btc,2022-10-12 00:00:00,19156.9115645821
btc,2022-10-13 00:00:00,19387.8336806546
btc,2022-10-14 00:00:00,19177.6941031561
btc,2022-10-15 00:00:00,19069.8749272355
btc,2022-10-16 00:00:00,19261.7497878434
btc,2022-10-17 00:00:00,19557.0218106371
btc,2022-10-18 00:00:00,19341.4075543542
btc,2022-10-19 00:00:00,19132.1544254822
btc,2022-10-20 00:00:00,19033.3760239626
btc,2022-10-21 00:00:00,19174.8763487434
btc,2022-10-22 00:00:00,19207.6285078901
btc,2022-10-23 00:00:00,19565.4123243717
btc,2022-10-24 00:00:00,19341.460210111
btc,2022-10-25 00:00:00,20094.9611215663
btc,2022-10-26 00:00:00,20797.0308258328
btc,2022-10-27 00:00:00,20280.1751280538
btc,2022-10-28 00:00:00,20604.6138535944
btc,2022-10-29 00:00:00,20803.8999205143
btc,2022-10-30 00:00:00,20616.7033766803
btc,2022-10-31 00:00:00,20490.8581808884
btc,2022-11-01 00:00:00,20483.966530976
btc,2022-11-02 00:00:00,20148.2845537697
btc,2022-11-03 00:00:00,20198.1111860316
btc,2022-11-04 00:00:00,21157.2449275278
btc,2022-11-05 00:00:00,21283.4715999416
btc,2022-11-06 00:00:00,20946.8030359439
btc,2022-11-07 00:00:00,20568.5651183518
btc,2022-11-08 00:00:00,18520.971163647
btc,2022-11-09 00:00:00,15758.2912819988
btc,2022-11-10 00:00:00,17541.5602866745
btc,2022-11-11 00:00:00,16916.8506312098
btc,2022-11-12 00:00:00,16771.2426718293
btc,2022-11-13 00:00:00,16320.4983375219
btc,2022-11-14 00:00:00,16629.4784146698
btc,2022-11-15 00:00:00,16855.59378609
btc,2022-11-16 00:00:00,16659.6063345996
btc,2022-11-17 00:00:00,16675.1790204559
btc,2022-11-18 00:00:00,16661.5229576271
btc,2022-11-19 00:00:00,16696.0040581531
btc,2022-11-20 00:00:00,16246.8446992987
btc,2022-11-21 00:00:00,15778.0174047341
btc,2022-11-22 00:00:00,16172.8893445354
btc,2022-11-23 00:00:00,16574.0617299825
btc,2022-11-24 00:00:00,16583.5243445354
btc,2022-11-25 00:00:00,16522.3887767388
btc,2022-11-26 00:00:00,16448.6413077148
btc,2022-11-27 00:00:00,16436.0707688486
btc,2022-11-28 00:00:00,16212.5814161309
btc,2022-11-29 00:00:00,16443.0368199883
btc,2022-11-30 00:00:00,17176.8986914085
btc,2022-12-01 00:00:00,16961.2918042081
btc,2022-12-02 00:00:00,17075.1091370544
btc,2022-12-03 00:00:00,16899.5073831093
btc,2022-12-04 00:00:00,17121.7149824664
btc,2022-12-05 00:00:00,16961.3517866745
btc,2022-12-06 00:00:00,17070.5158281707
btc,2022-12-07 00:00:00,16848.2518243717
btc,2022-12-08 00:00:00,17231.4563223261
btc,2022-12-09 00:00:00,17136.1490008767
btc,2022-12-10 00:00:00,17124.2146797195
btc,2022-12-11 00:00:00,17094.3606592636
btc,2022-12-12 00:00:00,17195.5249962011
btc,2022-12-13 00:00:00,17774.9166320865
btc,2022-12-14 00:00:00,17809.7240835769
btc,2022-12-15 00:00:00,17344.0544569258
btc,2022-12-16 00:00:00,16606.1101750438
btc,2022-12-17 00:00:00,16774.3853702513
btc,2022-12-18 00:00:00,16776.1159254822
btc,2022-12-19 00:00:00,16424.1313857393
btc,2022-12-20 00:00:00,16901.8169362946
btc,2022-12-21 00:00:00,16800.5329707773
btc,2022-12-22 00:00:00,16814.2225791935
btc,2022-12-23 00:00:00,16780.5169798363
btc,2022-12-24 00:00:00,16837.612170076
btc,2022-12-25 00:00:00,16824.8389736996
btc,2022-12-26 00:00:00,16879.9382273524
btc,2022-12-27 00:00:00,16698.9112708942
btc,2022-12-28 00:00:00,16536.2942001753
btc,2022-12-29 00:00:00,16630.5931551724
btc,2022-12-30 00:00:00,16593.6888287551
btc,2022-12-31 00:00:00,16524.2178024547
btc,2023-01-01 00:00:00,16606.7520432496
btc,2023-01-02 00:00:00,16688.7192729398
btc,2023-01-03 00:00:00,16670.0773836937
btc,2023-01-04 00:00:00,16848.3660391584
btc,2023-01-05 00:00:00,16824.8001826417
btc,2023-01-06 00:00:00,16957.8622738165
btc,2023-01-07 00:00:00,16942.6285891292
btc,2023-01-08 00:00:00,17059.2399444769
btc,2023-01-09 00:00:00,17182.3198521333
btc,2023-01-10 00:00:00,17433.9146320865
btc,2023-01-11 00:00:00,17833.7107656341
btc,2023-01-12 00:00:00,18869.7044842198
btc,2023-01-13 00:00:00,19868.7247454705
btc,2023-01-14 00:00:00,21010.9227200468
btc,2023-01-15 00:00:00,20876.0085561075
btc,2023-01-16 00:00:00,21180.4119485681
btc,2023-01-17 00:00:00,21178.2993962595
btc,2023-01-18 00:00:00,20709.6686040327
btc,2023-01-19 00:00:00,21071.8334152542
btc,2023-01-20 00:00:00,22660.7169421391
btc,2023-01-21 00:00:00,22803.172761543
btc,2023-01-22 00:00:00,22716.2771966686
btc,2023-01-23 00:00:00,22929.0248936295
btc,2023-01-24 00:00:00,22611.1268787259
btc,2023-01-25 00:00:00,23109.0845189947
btc,2023-01-26 00:00:00,23008.6894766219
btc,2023-01-27 00:00:00,23070.4964582116
btc,2023-01-28 00:00:00,23008.8094649328
btc,2023-01-29 00:00:00,23774.9963679135
btc,2023-01-30 00:00:00,22799.427261543
btc,2023-01-31 00:00:00,23130.0519132087
btc,2023-02-01 00:00:00,23727.2026075395
btc,2023-02-02 00:00:00,23505.6048430742
btc,2023-02-03 00:00:00,23445.8131773816
btc,2023-02-04 00:00:00,23355.5243863238
btc,2023-02-05 00:00:00,22957.2251905319
btc,2023-02-06 00:00:00,22745.1650371128
btc,2023-02-07 00:00:00,23266.2692036821
btc,2023-02-08 00:00:00,22937.5799453536
btc,2023-02-09 00:00:00,21818.1989456458
btc,2023-02-10 00:00:00,21620.5667837522
btc,2023-02-11 00:00:00,21864.8626414378
btc,2023-02-12 00:00:00,21772.1373252484
btc,2023-02-13 00:00:00,21798.7157168323
btc,2023-02-14 00:00:00,22222.415043834
btc,2023-02-15 00:00:00,24304.6129827586
btc,2023-02-16 00:00:00,23742.4488354763
btc,2023-02-17 00:00:00,24607.3356054939
btc,2023-02-18 00:00:00,24636.5266127995
btc,2023-02-19 00:00:00,24366.9907606663
btc,2023-02-20 00:00:00,24797.8430359439
btc,2023-02-21 00:00:00,24400.3893898305
btc,2023-02-22 00:00:00,24163.7389812975
btc,2023-02-23 00:00:00,23910.0342104033
btc,2023-02-24 00:00:00,23175.8242036821
btc,2023-02-25 00:00:00,23159.8154403857
btc,2023-02-26 00:00:00,23542.0964281122
btc,2023-02-27 00:00:00,23504.1894178843
btc,2023-02-28 00:00:00,23145.9491277031
btc,2023-03-01 00:00:00,23610.6590902981
btc,2023-03-02 00:00:00,23470.0254815897
btc,2023-03-03 00:00:00,22350.0962340736
btc,2023-03-04 00:00:00,22334.2852638808
btc,2023-03-05 00:00:00,22419.8171390999
btc,2023-03-06 00:00:00,22414.7033056692
btc,2023-03-07 00:00:00,22174.6484725307
btc,2023-03-08 00:00:00,21701.3846227352
btc,2023-03-09 00:00:00,20349.8141732905
btc,2023-03-10 00:00:00,20240.406694623
btc,2023-03-11 00:00:00,20585.2343290473
btc,2023-03-12 00:00:00,22065.9800359439
btc,2023-03-13 00:00:00,24154.4290946815
btc,2023-03-14 00:00:00,24769.0175691409
btc,2023-03-15 00:00:00,24409.8017518995
btc,2023-03-16 00:00:00,25043.2388468732
btc,2023-03-17 00:00:00,27450.6282933957
btc,2023-03-18 00:00:00,26985.7359915254
btc,2023-03-19 00:00:00,28185.2043319696
btc,2023-03-20 00:00:00,27834.3361090006
btc,2023-03-21 00:00:00,28172.7950558153
btc,2023-03-22 00:00:00,27341.5571297487
btc,2023-03-23 00:00:00,28387.8897495617
btc,2023-03-24 00:00:00,27464.1249453536
btc,2023-03-25 00:00:00,27488.954880187
btc,2023-03-26 00:00:00,28049.3916911163
btc,2023-03-27 00:00:00,27154.9963702513
btc,2023-03-28 00:00:00,27283.9634029807
btc,2023-03-29 00:00:00,28389.2917784921
btc,2023-03-30 00:00:00,28021.5583009936
btc,2023-03-31 00:00:00,28514.6813062537
btc,2023-04-01 00:00:00,28494.5638863238
btc,2023-04-02 00:00:00,28161.9980362361
btc,2023-04-03 00:00:00,27850.9799436002
btc,2023-04-04 00:00:00,28113.9585187025
btc,2023-04-05 00:00:00,28190.3116063705
btc,2023-04-06 00:00:00,28049.0744763296
btc,2023-04-07 00:00:00,27936.8042609585
btc,2023-04-08 00:00:00,27964.0512498539
btc,2023-04-09 00:00:00,28357.8072703098
btc,2023-04-10 00:00:00,29687.5651846873
btc,2023-04-11 00:00:00,30247.0959193454
btc,2023-04-12 00:00:00,29913.0035463472
btc,2023-04-13 00:00:00,30370.82207218
btc,2023-04-14 00:00:00,30458.9700414962
btc,2023-04-15 00:00:00,30342.0591084161
btc,2023-04-16 00:00:00,30312.9308533022
btc,2023-04-17 00:00:00,29469.5050727645
btc,2023-04-18 00:00:00,30366.8723813559
btc,2023-04-19 00:00:00,28796.7440952659
btc,2023-04-20 00:00:00,28251.2763790181
btc,2023-04-21 00:00:00,27292.0211052016
btc,2023-04-22 00:00:00,27827.5475920514
btc,2023-04-23 00:00:00,27604.6855742256
btc,2023-04-24 00:00:00,27520.1996729982
btc,2023-04-25 00:00:00,28302.6942180012
btc,2023-04-26 00:00:00,28384.2340333139
btc,2023-04-27 00:00:00,29465.5514272355
btc,2023-04-28 00:00:00,29350.811886616
btc,2023-04-29 00:00:00,29221.5145075979
btc,2023-04-30 00:00:00,29362.0867974868
btc,2023-05-01 00:00:00,28114.9531873174
btc,2023-05-02 00:00:00,28690.5809959088
btc,2023-05-03 00:00:00,29045.0427735243
btc,2023-05-04 00:00:00,28855.8574465225
btc,2023-05-05 00:00:00,29552.9695236704
btc,2023-05-06 00:00:00,28899.4629602572
btc,2023-05-07 00:00:00,28761.738434249
btc,2023-05-08 00:00:00,27727.2854091175
btc,2023-05-09 00:00:00,27642.4281092928
btc,2023-05-10 00:00:00,27646.004902104
btc,2023-05-11 00:00:00,26986.271065751
btc,2023-05-12 00:00:00,26773.3443591467
btc,2023-05-13 00:00:00,26841.3982913501
btc,2023-05-14 00:00:00,26918.261597896
btc,2023-05-15 00:00:00,27231.6216052016
btc,2023-05-16 00:00:00,27025.7181864407
btc,2023-05-17 00:00:00,27401.0440610754
btc,2023-05-18 00:00:00,26843.2350938048
btc,2023-05-19 00:00:00,26889.503631502
btc,2023-05-20 00:00:00,27100.8582878434
btc,2023-05-21 00:00:00,26777.0977831677
btc,2023-05-22 00:00:00,26858.7370637054
btc,2023-05-23 00:00:00,27226.8558763881
btc,2023-05-24 00:00:00,26341.4306446522
btc,2023-05-25 00:00:00,26484.8359234366
btc,2023-05-26 00:00:00,26720.3838071303
btc,2023-05-27 00:00:00,26854.5403702513
btc,2023-05-28 00:00:00,28097.5211259497
btc,2023-05-29 00:00:00,27765.0728693746
btc,2023-05-30 00:00:00,27712.4915844535
btc,2023-05-31 00:00:00,27217.6832580362
btc,2023-06-01 00:00:00,26825.3713451198
btc,2023-06-02 00:00:00,27255.2279941555
btc,2023-06-03 00:00:00,27079.4084643483
btc,2023-06-04 00:00:00,27158.25456955
btc,2023-06-05 00:00:00,25785.8514842198
btc,2023-06-06 00:00:00,27213.7705187025
btc,2023-06-07 00:00:00,26339.5790292227
btc,2023-06-08 00:00:00,26521.693600526
btc,2023-06-09 00:00:00,26470.6775780245
btc,2023-06-10 00:00:00,25863.2138506721
btc,2023-06-11 00:00:00,25906.8281516657
btc,2023-06-12 00:00:00,25906.7519354179
btc,2023-06-13 00:00:00,25880.8599734074
btc,2023-06-14 00:00:00,25097.5853796026
btc,2023-06-15 00:00:00,25559.1433293396
btc,2023-06-16 00:00:00,26331.8200943892
btc,2023-06-17 00:00:00,26514.1713495032
btc,2023-06-18 00:00:00,26353.962682934
btc,2023-06-19 00:00:00,26778.0634415547
btc,2023-06-20 00:00:00,28305.4204573349
btc,2023-06-21 00:00:00,30099.5153509643
btc,2023-06-22 00:00:00,29952.5112866745
btc,2023-06-23 00:00:00,30638.3537644652
btc,2023-06-24 00:00:00,30549.0162872589
btc,2023-06-25 00:00:00,30467.4403705435
btc,2023-06-26 00:00:00,30255.8861241964
btc,2023-06-27 00:00:00,30667.0762948568
btc,2023-06-28 00:00:00,30104.0432717709
btc,2023-06-29 00:00:00,30460.792978083
btc,2023-06-30 00:00:00,30484.503257744
btc,2023-07-01 00:00:00,30581.6889655172
btc,2023-07-02 00:00:00,30594.2164736996
btc,2023-07-03 00:00:00,31135.3575993571
btc,2023-07-04 00:00:00,30799.9474558738
btc,2023-07-05 00:00:00,30497.8221282876
btc,2023-07-06 00:00:00,29979.7298094681
btc,2023-07-07 00:00:00,30329.8829786674
btc,2023-07-08 00:00:00,30263.6196341321
btc,2023-07-09 00:00:00,30163.2210563998
btc,2023-07-10 00:00:00,30394.6555806546
btc,2023-07-11 00:00:00,30616.247094097
btc,2023-07-12 00:00:00,30385.6087852133
btc,2023-07-13 00:00:00,31434.7354704851
btc,2023-07-14 00:00:00,30310.6720204559
btc,2023-07-15 00:00:00,30290.8905958504
btc,2023-07-16 00:00:00,30249.7729658095
btc,2023-07-17 00:00:00,30143.7462744009
btc,2023-07-18 00:00:00,29835.7474076563
btc,2023-07-19 00:00:00,29913.0294646406
btc,2023-07-20 00:00:00,29805.6065707189
btc,2023-07-21 00:00:00,29919.6934921099
btc,2023-07-22 00:00:00,29726.0096271186
btc,2023-07-23 00:00:00,30066.5724482759
btc,2023-07-24 00:00:00,29178.3597042665
btc,2023-07-25 00:00:00,29221.2548533022
btc,2023-07-26 00:00:00,29361.5917580362
btc,2023-07-27 00:00:00,29201.6865175336
btc,2023-07-28 00:00:00,29316.3130751023
btc,2023-07-29 00:00:00,29360.376179135
btc,2023-07-30 00:00:00,29262.8367337814
btc,2023-07-31 00:00:00,29219.8201887785
btc,2023-08-01 00:00:00,29499.5875385739
btc,2023-08-02 00:00:00,29143.1519620105
btc,2023-08-03 00:00:00,29192.3448617767
btc,2023-08-04 00:00:00,29057.2532437171
btc,2023-08-05 00:00:00,29053.0956975453
btc,2023-08-06 00:00:00,29048.0433275862
btc,2023-08-07 00:00:00,29164.3585873758
btc,2023-08-08 00:00:00,29779.511383986
btc,2023-08-09 00:00:00,29582.9442375804
btc,2023-08-10 00:00:00,29430.1599117475
btc,2023-08-11 00:00:00,29399.784739626
btc,2023-08-12 00:00:00,29415.733902104
btc,2023-08-13 00:00:00,29286.1176110462
btc,2023-08-14 00:00:00,29408.9717127411
btc,2023-08-15 00:00:00,29167.59721654
btc,2023-08-16 00:00:00,28754.2924079486
btc,2023-08-17 00:00:00,26660.5627264757
btc,2023-08-18 00:00:00,26037.3658474576
btc,2023-08-19 00:00:00,26093.981808007
btc,2023-08-20 00:00:00,26176.4721642315
btc,2023-08-21 00:00:00,26128.9050160725
btc,2023-08-22 00:00:00,25978.2096914085
btc,2023-08-23 00:00:00,26452.1935882525
btc,2023-08-24 00:00:00,26126.7943331385
btc,2023-08-25 00:00:00,26040.881255114
btc,2023-08-26 00:00:00,26006.1740800701
btc,2023-08-27 00:00:00,26086.3612594974
btc,2023-08-28 00:00:00,26103.2765730567
btc,2023-08-29 00:00:00,27672.2221306254
btc,2023-08-30 00:00:00,27298.997779661
btc,2023-08-31 00:00:00,25954.8665935126
btc,2023-09-01 00:00:00,25802.7885298071
btc,2023-09-02 00:00:00,25868.2960976037
btc,2023-09-03 00:00:00,25962.5475689655
btc,2023-09-04 00:00:00,25799.5256870251
btc,2023-09-05 00:00:00,25782.3622200468
btc,2023-09-06 00:00:00,25754.7902676797
btc,2023-09-07 00:00:00,26210.6045637054
btc,2023-09-08 00:00:00,25904.6982127411
btc,2023-09-09 00:00:00,25894.6205976037
btc,2023-09-10 00:00:00,25831.4647802455
btc,2023-09-11 00:00:00,25135.0393781414
btc,2023-09-12 00:00:00,25859.7018068381
btc,2023-09-13 00:00:00,26226.8667524839
btc,2023-09-14 00:00:00,26556.056943308
btc,2023-09-15 00:00:00,26672.6160818235
btc,2023-09-16 00:00:00,26555.6361031561
btc,2023-09-17 00:00:00,26502.4321189363
btc,2023-09-18 00:00:00,26764.6319064874
btc,2023-09-19 00:00:00,27215.0504848042
btc,2023-09-20 00:00:00,27133.4037235535
btc,2023-09-21 00:00:00,26571.5952919345
btc,2023-09-22 00:00:00,26581.1476116306
btc,2023-09-23 00:00:00,26575.776386616
btc,2023-09-24 00:00:00,26286.6410488019
btc,2023-09-25 00:00:00,26288.8095005845
btc,2023-09-26 00:00:00,26194.5378880772
btc,2023-09-27 00:00:00,26336.0825973115
btc,2023-09-28 00:00:00,27033.4254415546
btc,2023-09-29 00:00:00,26911.2514739918
btc,2023-09-30 00:00:00,26977.6933126826
btc,2023-10-01 00:00:00,27950.1453594389
btc,2023-10-02 00:00:00,27565.8892954413
btc,2023-10-03 00:00:00,27439.1422393337
btc,2023-10-04 00:00:00,27797.251176505
btc,2023-10-05 00:00:00,27426.3450926359
btc,2023-10-06 00:00:00,27941.9633760959
btc,2023-10-07 00:00:00,27972.7515704266
btc,2023-10-08 00:00:00,27936.3261157218
btc,2023-10-09 00:00:00,27591.3467618352
btc,2023-10-10 00:00:00,27419.7971803039
btc,2023-10-11 00:00:00,26828.1725710111
btc,2023-10-12 00:00:00,26741.3405990649
btc,2023-10-13 00:00:00,26842.4467703098
btc,2023-10-14 00:00:00,26861.9892375804
btc,2023-10-15 00:00:00,27130.3067092344
btc,2023-10-16 00:00:00,28506.7936741671
btc,2023-10-17 00:00:00,28433.2051522501
btc,2023-10-18 00:00:00,28328.0750195792
btc,2023-10-19 00:00:00,28690.358041204
btc,2023-10-20 00:00:00,29704.9853673291
btc,2023-10-21 00:00:00,29922.5464044418
btc,2023-10-22 00:00:00,29984.1593196961
btc,2023-10-23 00:00:00,32954.1690482174
btc,2023-10-24 00:00:00,33880.9566537113
btc,2023-10-25 00:00:00,34488.6589210988
btc,2023-10-26 00:00:00,34181.4922521917
btc,2023-10-27 00:00:00,33896.938528346
btc,2023-10-28 00:00:00,34091.5890327294
btc,2023-10-29 00:00:00,34574.3377206312
btc,2023-10-30 00:00:00,34495.1050207481
btc,2023-10-31 00:00:00,34636.4264736996
btc,2023-11-01 00:00:00,35431.9794532437
btc,2023-11-02 00:00:00,34882.9173366452
btc,2023-11-03 00:00:00,34708.2218804792
btc,2023-11-04 00:00:00,35091.0763062537
btc,2023-11-05 00:00:00,35105.0420265926
btc,2023-11-06 00:00:00,35017.7151484512
btc,2023-11-07 00:00:00,35418.4768901227
btc,2023-11-08 00:00:00,35797.8946090006
btc,2023-11-09 00:00:00,36675.3264333723
btc,2023-11-10 00:00:00,37367.4943722969
btc,2023-11-11 00:00:00,36979.9312405026
btc,2023-11-12 00:00:00,37053.3410514319
btc,2023-11-13 00:00:00,36543.2680870836
btc,2023-11-14 00:00:00,35590.6835645821
btc,2023-11-15 00:00:00,37840.5534894798
btc,2023-11-16 00:00:00,36160.4044509059
btc,2023-11-17 00:00:00,36569.7120534775
btc,2023-11-18 00:00:00,36577.4249617183
btc,2023-11-19 00:00:00,37442.7285119813
btc,2023-11-20 00:00:00,37516.0503708358
btc,2023-11-21 00:00:00,36035.0330862069
btc,2023-11-22 00:00:00,37403.0347168323
btc,2023-11-23 00:00:00,37311.7192156634
btc,2023-11-24 00:00:00,37718.7841630625
btc,2023-11-25 00:00:00,37800.1260932203
btc,2023-11-26 00:00:00,37482.7055260082
btc,2023-11-27 00:00:00,37229.2452197545
btc,2023-11-28 00:00:00,37828.4655911748
btc,2023-11-29 00:00:00,37846.8531227352
btc,2023-11-30 00:00:00,37712.7114789597
btc,2023-12-01 00:00:00,38703.5536820573
btc,2023-12-02 00:00:00,39462.2799272355
btc,2023-12-03 00:00:00,39978.2226104617
btc,2023-12-04 00:00:00,41910.2994815897
btc,2023-12-05 00:00:00,44067.0054763296
btc,2023-12-06 00:00:00,43745.8343907072
btc,2023-12-07 00:00:00,43282.6182261835
btc,2023-12-08 00:00:00,44205.0522089421
btc,2023-12-09 00:00:00,43740.0063927528
btc,2023-12-10 00:00:00,43732.7120900059
btc,2023-12-11 00:00:00,41209.8947904734
btc,2023-12-12 00:00:00,41467.2735698422
btc,2023-12-13 00:00:00,42939.0607583285
btc,2023-12-14 00:00:00,43033.1371560491
btc,2023-12-15 00:00:00,41978.0970195792
btc,2023-12-16 00:00:00,42203.2140450029
btc,2023-12-17 00:00:00,41428.6657855056
btc,2023-12-18 00:00:00,42635.7331911163
btc,2023-12-19 00:00:00,42271.863025716
btc,2023-12-20 00:00:00,43605.1555549386
btc,2023-12-21 00:00:00,43870.2382340736
btc,2023-12-22 00:00:00,44009.5016551724
btc,2023-12-23 00:00:00,43768.8067518995
btc,2023-12-24 00:00:00,43097.8093258329
btc,2023-12-25 00:00:00,43623.7504029807
btc,2023-12-26 00:00:00,42491.1229079486
btc,2023-12-27 00:00:00,43436.9594269433
btc,2023-12-28 00:00:00,42670.6797180012
btc,2023-12-29 00:00:00,41998.6033442431
btc,2023-12-30 00:00:00,42204.4917744009
btc,2023-12-31 00:00:00,42217.1587913501
btc,2024-01-01 00:00:00,44049.4735534775
btc,2024-01-02 00:00:00,44941.160493571
btc,2024-01-03 00:00:00,42773.6515423729
btc,2024-01-04 00:00:00,44250.7452670953
btc,2024-01-05 00:00:00,44146.3222022209
btc,2024-01-06 00:00:00,43917.9798147282
btc,2024-01-07 00:00:00,43844.195949737
btc,2024-01-08 00:00:00,46981.3242995324
btc,2024-01-09 00:00:00,46084.005795149
btc,2024-01-10 00:00:00,46818.1592764465
btc,2024-01-11 00:00:00,46380.8708082992
btc,2024-01-12 00:00:00,42817.4305356517
btc,2024-01-13 00:00:00,42846.9544699006
btc,2024-01-14 00:00:00,41888.1513068381
btc,2024-01-15 00:00:00,42528.9192489772
btc,2024-01-16 00:00:00,43171.4472241379
btc,2024-01-17 00:00:00,42689.304327294
btc,2024-01-18 00:00:00,41261.9076177674
btc,2024-01-19 00:00:00,41606.8535330216
btc,2024-01-20 00:00:00,41668.6904102864
btc,2024-01-21 00:00:00,41537.1123562244
btc,2024-01-22 00:00:00,39577.0998603156
btc,2024-01-23 00:00:00,39737.3143617767
btc,2024-01-24 00:00:00,40101.8568980129
btc,2024-01-25 00:00:00,39917.6611461134
btc,2024-01-26 00:00:00,41860.7310458796
btc,2024-01-27 00:00:00,42125.3014155465
btc,2024-01-28 00:00:00,41983.0202744009
btc,2024-01-29 00:00:00,43218.3470821157
btc,2024-01-30 00:00:00,42950.0541277031
btc,2024-01-31 00:00:00,42589.4708059614
btc,2024-02-01 00:00:00,43020.3596548802
btc,2024-02-02 00:00:00,43155.3852030976
btc,2024-02-03 00:00:00,42982.3789979544
btc,2024-02-04 00:00:00,42576.2913050847
btc,2024-02-05 00:00:00,42619.2742738165
btc,2024-02-06 00:00:00,43102.7062632963
btc,2024-02-07 00:00:00,44253.0314731151
btc,2024-02-08 00:00:00,45332.09157218
btc,2024-02-09 00:00:00,47176.9665137347
btc,2024-02-10 00:00:00,47792.8972156634
btc,2024-02-11 00:00:00,48200.7986057861
btc,2024-02-12 00:00:00,49989.80371654
btc,2024-02-13 00:00:00,49628.0941528346
btc,2024-02-14 00:00:00,51844.2929193454
btc,2024-02-15 00:00:00,51939.1472919345
btc,2024-02-16 00:00:00,52157.3123977206
btc,2024-02-17 00:00:00,51674.8158521333
btc,2024-02-18 00:00:00,52148.0645365283
btc,2024-02-19 00:00:00,51804.8051537113
btc,2024-02-20 00:00:00,52308.0531712449
btc,2024-02-21 00:00:00,51744.321808007
btc,2024-02-22 00:00:00,51292.3252574518
btc,2024-02-23 00:00:00,50789.1431759205
btc,2024-02-24 00:00:00,51578.2349164231
btc,2024-02-25 00:00:00,51746.4789669784
btc,2024-02-26 00:00:00,54551.8259184687
btc,2024-02-27 00:00:00,57049.888220339
btc,2024-02-28 00:00:00,62460.740619813
btc,2024-02-29 00:00:00,61394.7818515488
btc,2024-03-01 00:00:00,62524.401817066
btc,2024-03-02 00:00:00,62049.6145637054
btc,2024-03-03 00:00:00,62991.4422913501
btc,2024-03-04 00:00:00,68091.8388243717
btc,2024-03-05 00:00:00,63950.524329924
btc,2024-03-06 00:00:00,66103.7215400351
btc,2024-03-07 00:00:00,67070.3791484512
btc,2024-03-08 00:00:00,68343.7149552893
btc,2024-03-09 00:00:00,68502.5053392753
btc,2024-03-10 00:00:00,68882.2513395675
btc,2024-03-11 00:00:00,72198.0875341905
btc,2024-03-12 00:00:00,71432.7283018702
btc,2024-03-13 00:00:00,73081.5759053185
btc,2024-03-14 00:00:00,71505.2729076563
btc,2024-03-15 00:00:00,69424.9141753361
btc,2024-03-16 00:00:00,65433.6819006429
btc,2024-03-17 00:00:00,68285.0891691993
btc,2024-03-18 00:00:00,67770.8865245471
btc,2024-03-19 00:00:00,61969.3075394506
btc,2024-03-20 00:00:00,67848.1076396844
btc,2024-03-21 00:00:00,65454.7357232612
btc,2024-03-22 00:00:00,63486.4849997078
btc,2024-03-23 00:00:00,64361.2429047341
btc,2024-03-24 00:00:00,67289.5658310929
btc,2024-03-25 00:00:00,70042.0204237288
btc,2024-03-26 00:00:00,70071.0472144945
btc,2024-03-27 00:00:00,69267.8879815897
btc,2024-03-28 00:00:00,70826.8968714202
btc,2024-03-29 00:00:00,69917.0430070134
btc,2024-03-30 00:00:00,69663.0119073641
btc,2024-03-31 00:00:00,71227.4517939801
btc,2024-04-01 00:00:00,69791.6277305669
btc,2024-04-02 00:00:00,65533.7548351841
btc,2024-04-03 00:00:00,66130.2162393337
btc,2024-04-04 00:00:00,68438.135024547
btc,2024-04-05 00:00:00,67904.9094766219
btc,2024-04-06 00:00:00,69136.0710783168
btc,2024-04-07 00:00:00,69392.6830108124
btc,2024-04-08 00:00:00,71712.7972840444
btc,2024-04-09 00:00:00,69074.5418638223
btc,2024-04-10 00:00:00,70579.4456767972
btc,2024-04-11 00:00:00,70046.5536057861
btc,2024-04-12 00:00:00,67098.113691993
btc,2024-04-13 00:00:00,64551.6482875512
btc,2024-04-14 00:00:00,65648.8099602572
btc,2024-04-15 00:00:00,63393.325166277
btc,2024-04-16 00:00:00,63784.8203340152
btc,2024-04-17 00:00:00,61324.2184286967
btc,2024-04-18 00:00:00,63510.14500263
btc,2024-04-19 00:00:00,63762.6310300994
btc,2024-04-20 00:00:00,64907.9928366452
btc,2024-04-21 00:00:00,64968.192619813
btc,2024-04-22 00:00:00,66944.5960911748
btc,2024-04-23 00:00:00,66385.3002919345
btc,2024-04-24 00:00:00,64189.9679064874
btc,2024-04-25 00:00:00,64515.3874725307
btc,2024-04-26 00:00:00,63777.4715002922
btc,2024-04-27 00:00:00,63429.3099649328
btc,2024-04-28 00:00:00,62978.5770049678
btc,2024-04-29 00:00:00,63908.3888766803
btc,2024-04-30 00:00:00,60636.3261633548
btc,2024-05-01 00:00:00,58141.7772799532
btc,2024-05-02 00:00:00,59170.1088936295
btc,2024-05-03 00:00:00,62983.6554783752
btc,2024-05-04 00:00:00,63881.1305429573
btc,2024-05-05 00:00:00,64067.5959918177
btc,2024-05-06 00:00:00,63228.1031341321
btc,2024-05-07 00:00:00,62396.999720339
btc,2024-05-08 00:00:00,61079.27442782
btc,2024-05-09 00:00:00,62998.4903381064
btc,2024-05-10 00:00:00,60896.6418880772
btc,2024-05-11 00:00:00,60843.5729240211
btc,2024-05-12 00:00:00,61431.2746879018
btc,2024-05-13 00:00:00,62886.9394491526
btc,2024-05-14 00:00:00,61555.5670046756
btc,2024-05-15 00:00:00,66281.5322542373
btc,2024-05-16 00:00:00,65269.2603246639
btc,2024-05-17 00:00:00,66956.4409476914
btc,2024-05-18 00:00:00,66977.6006914085
btc,2024-05-19 00:00:00,66259.4704260666
btc,2024-05-20 00:00:00,71202.2025902981
btc,2024-05-21 00:00:00,70217.2546914085
btc,2024-05-22 00:00:00,69074.9141350088
btc,2024-05-23 00:00:00,67758.7306586791
btc,2024-05-24 00:00:00,68608.998279661
btc,2024-05-25 00:00:00,69282.7925976037
btc,2024-05-26 00:00:00,68445.0069532437
btc,2024-05-27 00:00:00,69347.815260374
btc,2024-05-28 00:00:00,68342.8204488603
btc,2024-05-29 00:00:00,67584.2632402104
btc,2024-05-30 00:00:00,68375.4760260082
btc,2024-05-31 00:00:00,67377.7626122151
btc,2024-06-01 00:00:00,67714.3526399766
btc,2024-06-02 00:00:00,67805.4855742256
btc,2024-06-03 00:00:00,68833.3028351841
btc,2024-06-04 00:00:00,70554.0894330801
btc,2024-06-05 00:00:00,71087.4433158971
btc,2024-06-06 00:00:00,70788.5013755114
btc,2024-06-07 00:00:00,69338.1573240795
btc,2024-06-08 00:00:00,69310.1092618352
btc,2024-06-09 00:00:00,69644.0190894214
btc,2024-06-10 00:00:00,69465.9362478083
btc,2024-06-11 00:00:00,67368.263506429
btc,2024-06-12 00:00:00,68213.8346838106
btc,2024-06-13 00:00:00,66783.4902767388
btc,2024-06-14 00:00:00,65982.1865195792
btc,2024-06-15 00:00:00,66204.904308007
btc,2024-06-16 00:00:00,66622.5999336645
btc,2024-06-17 00:00:00,66483.8785260082
btc,2024-06-18 00:00:00,65112.1230020456
btc,2024-06-19 00:00:00,64878.7141525424
btc,2024-06-20 00:00:00,64897.7011542957
btc,2024-06-21 00:00:00,64086.0489228521
btc,2024-06-22 00:00:00,64258.135506429
btc,2024-06-23 00:00:00,63345.0218760959
btc,2024-06-24 00:00:00,60258.9554374635
btc,2024-06-25 00:00:00,61739.6658477498
btc,2024-06-26 00:00:00,60794.4760584454
btc,2024-06-27 00:00:00,61569.9234275278
btc,2024-06-28 00:00:00,60303.3147364115
btc,2024-06-29 00:00:00,60889.3298430742
btc,2024-06-30 00:00:00,62763.2796861485
btc,2024-07-01 00:00:00,62835.3997647575
btc,2024-07-02 00:00:00,62028.6170385739
btc,2024-07-03 00:00:00,60216.3920859147
btc,2024-07-04 00:00:00,57418.2420213326
btc,2024-07-05 00:00:00,56720.9881256575
btc,2024-07-06 00:00:00,58259.221773232
btc,2024-07-07 00:00:00,56112.5725587376
btc,2024-07-08 00:00:00,56691.9149061952
btc,2024-07-09 00:00:00,57981.4320967271
btc,2024-07-10 00:00:00,57722.0113527177
btc,2024-07-11 00:00:00,57307.712738457
btc,2024-07-12 00:00:00,57859.1202819988
btc,2024-07-13 00:00:00,59329.0372016365
btc,2024-07-14 00:00:00,61015.0339412624
btc,2024-07-15 00:00:00,64734.7611697837
btc,2024-07-16 00:00:00,65118.8266583869
btc,2024-07-17 00:00:00,64201.3707805377
btc,2024-07-18 00:00:00,63984.3022022209
btc,2024-07-19 00:00:00,66755.7833828171
btc,2024-07-20 00:00:00,67185.4978112215
btc,2024-07-21 00:00:00,68056.6201215663
btc,2024-07-22 00:00:00,67535.1976738749
btc,2024-07-23 00:00:00,65916.4081616014
btc,2024-07-24 00:00:00,65353.3857784921
btc,2024-07-25 00:00:00,65722.0611917007
btc,2024-07-26 00:00:00,67912.2433091759
btc,2024-07-27 00:00:00,68077.3730812391
btc,2024-07-28 00:00:00,68170.6691309176
btc,2024-07-29 00:00:00,66867.167277031
btc,2024-07-30 00:00:00,66186.9146861484
btc,2024-07-31 00:00:00,64690.6340385739
btc,2024-08-01 00:00:00,65178.0554891876
btc,2024-08-02 00:00:00,61506.7698877849
btc,2024-08-03 00:00:00,60688.2444272355
btc,2024-08-04 00:00:00,58306.2644786675
btc,2024-08-05 00:00:00,54343.6276773816
btc,2024-08-06 00:00:00,56047.4712866744
btc,2024-08-07 00:00:00,55129.7410376973
btc,2024-08-08 00:00:00,61908.7896724138
btc,2024-08-09 00:00:00,60720.9407594974
btc,2024-08-10 00:00:00,60871.5550727645
btc,2024-08-11 00:00:00,58836.1043722969
btc,2024-08-12 00:00:00,59394.1629538282
btc,2024-08-13 00:00:00,60536.2457846289
btc,2024-08-14 00:00:00,58840.6466797195
btc,2024-08-15 00:00:00,57644.1876879018
btc,2024-08-16 00:00:00,58927.2765087668
btc,2024-08-17 00:00:00,59414.6743351841
btc,2024-08-18 00:00:00,58793.2061458212
btc,2024-08-19 00:00:00,59411.5190169492
btc,2024-08-20 00:00:00,59123.3002662186
btc,2024-08-21 00:00:00,61133.0256493279
btc,2024-08-22 00:00:00,60394.4737749854
btc,2024-08-23 00:00:00,64106.8029152543
btc,2024-08-24 00:00:00,64023.226703682
btc,2024-08-25 00:00:00,64498.0183413209
btc,2024-08-26 00:00:00,62983.4427729398
btc,2024-08-27 00:00:00,59548.0076215663
btc,2024-08-28 00:00:00,59100.7747548217
btc,2024-08-29 00:00:00,59339.7909947399
btc,2024-08-30 00:00:00,59142.9399640561
btc,2024-08-31 00:00:00,58959.926273232
btc,2024-09-01 00:00:00,57349.0807180012
btc,2024-09-02 00:00:00,59159.0238877849
btc,2024-09-03 00:00:00,57637.7754444769
btc,2024-09-04 00:00:00,58033.3989704851
btc,2024-09-05 00:00:00,56112.9529400935
btc,2024-09-06 00:00:00,53838.9534623028
btc,2024-09-07 00:00:00,54066.4399248977
btc,2024-09-08 00:00:00,54859.2584082408
btc,2024-09-09 00:00:00,57135.7814371712
btc,2024-09-10 00:00:00,57664.4998214494
btc,2024-09-11 00:00:00,57409.1950663355
btc,2024-09-12 00:00:00,58124.6418065459
btc,2024-09-13 00:00:00,60536.8814503215
btc,2024-09-14 00:00:00,60007.1702507306
btc,2024-09-15 00:00:00,59129.9197536528
btc,2024-09-16 00:00:00,58227.46421654
btc,2024-09-17 00:00:00,60238.2177255991
btc,2024-09-18 00:00:00,61306.2337317358
btc,2024-09-19 00:00:00,62994.6096528346
btc,2024-09-20 00:00:00,63153.9518270018
btc,2024-09-21 00:00:00,63367.7296078317
btc,2024-09-22 00:00:00,63571.9521729983
btc,2024-09-23 00:00:00,63336.0126347165
btc,2024-09-24 00:00:00,64342.7891113384
btc,2024-09-25 00:00:00,63059.6269167154
btc,2024-09-26 00:00:00,65057.7861461134
btc,2024-09-27 00:00:00,65767.7132542373
btc,2024-09-28 00:00:00,65770.5276478667
btc,2024-09-29 00:00:00,65617.7610689655
btc,2024-09-30 00:00:00,63260.0425482174
btc,2024-10-01 00:00:00,60858.2487086499
btc,2024-10-02 00:00:00,60686.0993135593
btc,2024-10-03 00:00:00,60765.2367498539
btc,2024-10-04 00:00:00,62052.5100496785
btc,2024-10-05 00:00:00,62030.4538977206
btc,2024-10-06 00:00:00,62789.8814555815
btc,2024-10-07 00:00:00,62416.508829924
btc,2024-10-08 00:00:00,62126.3273769725
btc,2024-10-09 00:00:00,60615.2581917008
btc,2024-10-10 00:00:00,60221.1172869667
btc,2024-10-11 00:00:00,62462.539962595
btc,2024-10-12 00:00:00,63202.8806992987
btc,2024-10-13 00:00:00,62759.431113384
btc,2024-10-14 00:00:00,66089.7587410871
btc,2024-10-15 00:00:00,66933.974833723
btc,2024-10-16 00:00:00,67662.9534038574
btc,2024-10-17 00:00:00,67337.9075482174
btc,2024-10-18 00:00:00,68390.5375625365
btc,2024-10-19 00:00:00,68357.8982963179
btc,2024-10-20 00:00:00,69012.3532089421
btc,2024-10-21 00:00:00,67440.4625058445
btc,2024-10-22 00:00:00,67425.7553211572
btc,2024-10-23 00:00:00,66647.2866642315
btc,2024-10-24 00:00:00,68130.9948369374
btc,2024-10-25 00:00:00,66261.5376861485
btc,2024-10-26 00:00:00,67023.3399611338
btc,2024-10-27 00:00:00,68000.1475008767
btc,2024-10-28 00:00:00,69862.5205470485
btc,2024-10-29 00:00:00,72678.7866201052
btc,2024-10-30 00:00:00,72450.2843819404
btc,2024-10-31 00:00:00,70367.0819576271
btc,2024-11-01 00:00:00,69483.5830303916
btc,2024-11-02 00:00:00,69241.6794865576
btc,2024-11-03 00:00:00,68742.7546227352
btc,2024-11-04 00:00:00,67779.0969795441
btc,2024-11-05 00:00:00,69538.0241729982
btc,2024-11-06 00:00:00,75696.0366192285
btc,2024-11-07 00:00:00,75972.2955546464
btc,2024-11-08 00:00:00,76507.4474012273
btc,2024-11-09 00:00:00,76799.2527469316
btc,2024-11-10 00:00:00,80409.2865666277
btc,2024-11-11 00:00:00,88859.998448568
btc,2024-11-12 00:00:00,88048.7488877849
btc,2024-11-13 00:00:00,90369.3819693162
btc,2024-11-14 00:00:00,87204.2569827586
btc,2024-11-15 00:00:00,91139.0844427236
btc,2024-11-16 00:00:00,90567.6957568673
btc,2024-11-17 00:00:00,89732.9704292811
btc,2024-11-18 00:00:00,90587.6965534775
btc,2024-11-19 00:00:00,92254.1385800701
btc,2024-11-20 00:00:00,94160.0406858562
btc,2024-11-21 00:00:00,98545.5688798948
btc,2024-11-22 00:00:00,98938.3495450029
btc,2024-11-23 00:00:00,97707.0484590883
btc,2024-11-24 00:00:00,97980.2082819988
btc,2024-11-25 00:00:00,93343.0290745178
btc,2024-11-26 00:00:00,91875.5699593805
btc,2024-11-27 00:00:00,95989.0802273524
btc,2024-11-28 00:00:00,95737.9402822911
btc,2024-11-29 00:00:00,97398.9417399182
btc,2024-11-30 00:00:00,96463.6248980129
btc,2024-12-01 00:00:00,97469.6044529515
btc,2024-12-02 00:00:00,95726.4417258913
btc,2024-12-03 00:00:00,96010.8774228521
btc,2024-12-04 00:00:00,98920.2528255406
btc,2024-12-05 00:00:00,96949.6644117475
btc,2024-12-06 00:00:00,99953.1056580947
btc,2024-12-07 00:00:00,99977.7002282291
btc,2024-12-08 00:00:00,100798.98356429
btc,2024-12-09 00:00:00,97390.1988597311
btc,2024-12-10 00:00:00,96835.5017387493
btc,2024-12-11 00:00:00,101310.201899766
btc,2024-12-12 00:00:00,100090.890479544
btc,2024-12-13 00:00:00,101289.823976914
btc,2024-12-14 00:00:00,101366.87166803
btc,2024-12-15 00:00:00,104551.367141146
btc,2024-12-16 00:00:00,105855.672229982
btc,2024-12-17 00:00:00,106115.910582992
btc,2024-12-18 00:00:00,100469.770656926
btc,2024-12-19 00:00:00,97697.045779661
btc,2024-12-20 00:00:00,97617.4422051432
btc,2024-12-21 00:00:00,97093.0190832846
btc,2024-12-22 00:00:00,95149.1058252484
btc,2024-12-23 00:00:00,94800.7562060199
btc,2024-12-24 00:00:00,98637.7330543542
btc,2024-12-25 00:00:00,99235.3678869082
btc,2024-12-26 00:00:00,95628.3030902981
btc,2024-12-27 00:00:00,94219.9821461134
btc,2024-12-28 00:00:00,95123.5811098773
btc,2024-12-29 00:00:00,93457.5783202806
btc,2024-12-30 00:00:00,92523.163085038
btc,2024-12-31 00:00:00,93389.7326016949
btc,2025-01-01 00:00:00,94455.7965718878
btc,2025-01-02 00:00:00,96851.393682934
btc,2025-01-03 00:00:00,98120.6846759205
btc,2025-01-04 00:00:00,98230.0478571011
btc,2025-01-05 00:00:00,98414.8120964348
btc,2025-01-06 00:00:00,102179.560366745
btc,2025-01-07 00:00:00,96974.9957857978
btc,2025-01-08 00:00:00,95039.2809210988
btc,2025-01-09 00:00:00,92346.1691589714
btc,2025-01-10 00:00:00,94759.1196358854
btc,2025-01-11 00:00:00,94606.5080099357
btc,2025-01-12 00:00:00,94353.7752586207
btc,2025-01-13 00:00:00,94375.7299102864
btc,2025-01-14 00:00:00,96569.475726768
btc,2025-01-15 00:00:00,100172.405985096
btc,2025-01-16 00:00:00,99977.7298234951
btc,2025-01-17 00:00:00,104296.588034191
btc,2025-01-18 00:00:00,104398.156261251
btc,2025-01-19 00:00:00,100954.572281999
btc,2025-01-20 00:00:00,102588.998699006
btc,2025-01-21 00:00:00,105987.888705435
btc,2025-01-22 00:00:00,103791.128861485
btc,2025-01-23 00:00:00,104184.616743717
btc,2025-01-24 00:00:00,104716.12488194
btc,2025-01-25 00:00:00,104866.085348919
btc,2025-01-26 00:00:00,102833.369273232
btc,2025-01-27 00:00:00,101907.44629661
btc,2025-01-28 00:00:00,101138.144066043
btc,2025-01-29 00:00:00,103918.795458796
btc,2025-01-30 00:00:00,104987.446410871
btc,2025-01-31 00:00:00,102263.043670953
btc,2025-02-01 00:00:00,100610.290439801
btc,2025-02-02 00:00:00,97424.7809000584
btc,2025-02-03 00:00:00,101582.408702221
btc,2025-02-04 00:00:00,97848.1497592051
btc,2025-02-05 00:00:00,96559.3327562829
btc,2025-02-06 00:00:00,96541.3006811806
btc,2025-02-07 00:00:00,96384.1109836353
btc,2025-02-08 00:00:00,96603.318157218
btc,2025-02-09 00:00:00,96309.7532405026
btc,2025-02-10 00:00:00,97375.2253535944
btc,2025-02-11 00:00:00,95806.2580385739
btc,2025-02-12 00:00:00,97756.4976548802
